amcl_Timestamp,amcl_X,amcl_Y,Odom_Timestamp,Odom_X,Odom_Y
424.883,0.05003967645056328,-0.01230414161603698,429.442,0.0004326098465141449,1.0633011856454938e-08
424.883,0.05003967645056328,-0.01230414161603698,429.542,0.00043595585391304425,1.0732177549453539e-08
424.883,0.05003967645056328,-0.01230414161603698,429.642,0.0004182982328745476,-1.594157414555262e-08
424.883,0.05003967645056328,-0.01230414161603698,429.742,0.00041038464502242655,-6.607993829955523e-08
424.883,0.05003967645056328,-0.01230414161603698,429.842,0.0004098294676553162,-7.636180294950382e-08
424.883,0.05003967645056328,-0.01230414161603698,429.942,0.0004091028924411064,-1.01785844771137e-07
424.883,0.05003967645056328,-0.01230414161603698,430.042,0.0004080091280655164,-1.6301663778371879e-07
424.883,0.05003967645056328,-0.01230414161603698,430.142,0.000406470267566408,-2.891116975111163e-07
424.883,0.05003967645056328,-0.01230414161603698,430.242,0.00040446207044672253,-5.16137281127317e-07
424.883,0.05003967645056328,-0.01230414161603698,430.342,0.0004020053121031851,-8.833373651408532e-07
430.383,0.05980325276288181,-0.013141498992859551,430.442,0.0003991728972750744,-1.4255009783559043e-06
430.383,0.05980325276288181,-0.013141498992859551,430.542,0.00039609417308918675,-2.162283723455704e-06
430.383,0.05980325276288181,-0.013141498992859551,430.692,0.0003912082420178185,-3.6624573304915943e-06
430.383,0.05980325276288181,-0.013141498992859551,430.792,0.000388613090631009,-4.637906429328147e-06
430.783,0.05954479455061512,-0.012898205476608925,430.892,0.00038379910559792747,-6.808462406871485e-06
430.783,0.05954479455061512,-0.012898205476608925,430.992,0.000349574203828497,-2.37165931305399e-05
430.783,0.05954479455061512,-0.012898205476608925,431.092,0.00032326274732472586,-3.837832025190002e-05
430.783,0.05954479455061512,-0.012898205476608925,431.192,0.0002998723659844327,-5.3030204834794734e-05
431.183,0.053450154871954675,0.00025580461928017173,431.292,0.000276817457090387,-6.909932003601125e-05
431.183,0.053450154871954675,0.00025580461928017173,431.392,0.0002692654537481981,-7.46896115033689e-05
431.183,0.053450154871954675,0.00025580461928017173,431.492,0.0002632927994260216,-7.977544015570534e-05
431.483,0.043325097813806716,0.0014996329882146944,431.592,0.0002593679733360991,-8.364878807961317e-05
431.483,0.043325097813806716,0.0014996329882146944,431.692,0.00025099601419011926,-9.242404306228423e-05
431.483,0.043325097813806716,0.0014996329882146944,431.792,0.0002492791795586597,-9.412745058961719e-05
431.483,0.043325097813806716,0.0014996329882146944,431.892,0.000255325957492434,-8.64377387492389e-05
431.883,0.04866568011629986,-0.002023251488790869,431.992,0.00024877303982199215,-9.581543747870766e-05
431.883,0.04866568011629986,-0.002023251488790869,432.092,0.0002525774103334719,-8.964145990497237e-05
431.883,0.04866568011629986,-0.002023251488790869,432.192,0.00025044893524169557,-9.348723151615298e-05
432.183,0.05771518484451537,-0.007710593346732856,432.292,0.0002497277635432232,-9.504929197759774e-05
432.183,0.05771518484451537,-0.007710593346732856,432.392,0.00024511708478909224,-0.00010567025746396514
432.183,0.05771518484451537,-0.007710593346732856,432.492,0.0002449692367090174,-0.00010664981542907954
432.183,0.05771518484451537,-0.007710593346732856,432.592,0.000241081726182609,-0.0001190359484820196
432.583,0.05600519097758807,-0.014245907871140185,432.692,0.00023653270503667633,-0.00013592454467727737
432.583,0.05600519097758807,-0.014245907871140185,432.792,0.00023670691809311387,-0.0001343935874663956
432.583,0.05600519097758807,-0.014245907871140185,432.892,0.00023983525685854104,-0.0001153987288781772
432.583,0.05600519097758807,-0.014245907871140185,432.992,0.0002419848483208859,-9.686909851869237e-05
432.983,0.048423522578959904,-0.013937799617720131,433.092,0.00024310136385788072,-7.95233100824778e-05
432.983,0.048423522578959904,-0.013937799617720131,433.192,0.0002433200015462818,-6.438708315120458e-05
432.983,0.048423522578959904,-0.013937799617720131,433.292,0.00024285456450703877,-5.0443171084846165e-05
433.383,0.03060405215190298,-0.021975290526468117,433.392,0.00024179015564543187,-3.7936465326080853e-05
433.383,0.03060405215190298,-0.021975290526468117,433.492,0.0002404002877922366,-2.7647468386728242e-05
433.383,0.03060405215190298,-0.021975290526468117,433.592,0.0002388253190355132,-1.9092399701974585e-05
433.383,0.03060405215190298,-0.021975290526468117,433.692,0.00023700616782476705,-1.1462609726276333e-05
433.783,0.016317925072576907,-0.03198201036421643,433.792,0.00023548304332020767,-6.217686658593712e-06
433.783,0.016317925072576907,-0.03198201036421643,433.892,0.00023417753121831417,-2.410015754427938e-06
433.783,0.016317925072576907,-0.03198201036421643,433.992,0.00023425581422151153,-2.4517485016409297e-06
433.783,0.016317925072576907,-0.03198201036421643,434.092,0.00023806777507753545,-1.0730993811551544e-05
433.783,0.016317925072576907,-0.03198201036421643,434.192,0.00024054269758721282,-1.5458960030229118e-05
434.183,0.014555558393667484,-0.028428738807944196,434.292,0.00024213147896001111,-1.817882118844758e-05
434.183,0.014555558393667484,-0.028428738807944196,434.392,0.00024324529904122007,-1.9908287306910833e-05
434.183,0.014555558393667484,-0.028428738807944196,434.492,0.00024275554362137593,-1.9226629678262462e-05
434.183,0.014555558393667484,-0.028428738807944196,434.592,0.00023959876262174718,-1.5366166041375316e-05
434.583,0.0042068535137661615,-0.03604106805924407,434.692,0.00023584794452869185,-1.1215829188714839e-05
434.583,0.0042068535137661615,-0.03604106805924407,434.792,0.00022878459953042858,-4.072089493000944e-06
434.583,0.0042068535137661615,-0.03604106805924407,434.892,0.0002176526631706745,6.069621728639418e-06
434.583,0.0042068535137661615,-0.03604106805924407,434.992,0.00021748621374764388,6.4020757942614614e-06
434.983,0.019066142915266496,-0.04587609782286628,435.092,0.00022188123373692158,2.779532011230742e-06
434.983,0.019066142915266496,-0.04587609782286628,435.192,0.00021850134774434963,5.145896221919324e-06
434.983,0.019066142915266496,-0.04587609782286628,435.292,0.0002120619770975701,8.801933398137015e-06
434.983,0.019066142915266496,-0.04587609782286628,435.392,0.00021546109358166546,7.112252865535329e-06
435.383,0.01611348776444369,-0.041222892944343954,435.492,0.00021766249570044025,6.022786904612965e-06
435.383,0.01611348776444369,-0.041222892944343954,435.592,0.000217870397468189,5.9852646963099445e-06
435.383,0.01611348776444369,-0.041222892944343954,435.692,0.000225264545900683,3.506680467193745e-06
435.783,0.009114724570003533,-0.03817182900153208,435.792,0.0002279750300320354,2.837712428185982e-06
435.783,0.009114724570003533,-0.03817182900153208,435.892,0.00024656244054754926,-1.5897778571659984e-06
435.783,0.009114724570003533,-0.03817182900153208,435.992,0.00025045376432714664,-2.2975413643221158e-06
435.783,0.009114724570003533,-0.03817182900153208,436.092,0.00026041143784102233,-3.723426010286774e-06
435.783,0.009114724570003533,-0.03817182900153208,436.192,0.0002676668838230014,-4.27226441799943e-06
436.183,0.008270532187293013,-0.036104203096134345,436.292,0.00028629543157163574,-5.192963828789792e-06
436.183,0.008270532187293013,-0.036104203096134345,436.392,0.0002739406917506454,-5.346974167192766e-06
436.183,0.008270532187293013,-0.036104203096134345,436.492,0.0002571072740999136,-6.299421023675721e-06
436.583,0.0038033907803027406,-0.033562559413357576,436.592,0.0002426678295759293,-7.842473953012594e-06
436.583,0.0038033907803027406,-0.033562559413357576,436.692,0.00022910946809246653,-9.960526397884128e-06
436.583,0.0038033907803027406,-0.033562559413357576,436.792,0.00021615684947455614,-1.2660845419065646e-05
436.583,0.0038033907803027406,-0.033562559413357576,436.892,0.00020567589212130679,-1.539837012177676e-05
436.983,0.013216253513620284,-0.038889065334003846,436.992,0.00019616992667436482,-1.8377785581022007e-05
436.983,0.013216253513620284,-0.038889065334003846,437.092,0.0001873533244742599,-2.164253534752416e-05
436.983,0.013216253513620284,-0.038889065334003846,437.192,0.00018079652318899752,-2.4450363203778567e-05
436.983,0.013216253513620284,-0.038889065334003846,437.292,0.00017496162280184274,-2.728465790521931e-05
436.983,0.013216253513620284,-0.038889065334003846,437.392,0.00016962407841477462,-3.022761840931808e-05
437.383,0.018199314966905106,-0.04031189933383719,437.492,0.0001727891771498292,-2.8219719704493e-05
437.383,0.018199314966905106,-0.04031189933383719,437.592,0.00017618424155029771,-2.587653340486468e-05
437.383,0.018199314966905106,-0.04031189933383719,437.692,0.0001770238802872581,-2.5256224539185276e-05
437.383,0.018199314966905106,-0.04031189933383719,437.792,0.0001770585955420963,-2.5249897971388072e-05
437.783,0.027122832737653917,-0.039452936010593485,437.892,0.00017446514516435084,-2.7674629509592657e-05
437.783,0.027122832737653917,-0.039452936010593485,437.992,0.0001691799908373289,-3.317042643067873e-05
437.783,0.027122832737653917,-0.039452936010593485,438.092,0.0001632946858629098,-3.992922397300424e-05
437.783,0.027122832737653917,-0.039452936010593485,438.192,0.00015505979640060007,-5.033278233347789e-05
438.183,0.03284305017059466,-0.03714829517845542,438.292,0.0001442934868990627,-6.546448754528563e-05
438.183,0.03284305017059466,-0.03714829517845542,438.392,0.0001376184284405102,-7.562430703636074e-05
438.183,0.03284305017059466,-0.03714829517845542,438.492,0.0001417517610069373,-6.819650586667595e-05
438.583,0.044046610896914286,-0.03381815615158764,438.592,0.00014221961916366184,-6.751540007464494e-05
438.583,0.044046610896914286,-0.03381815615158764,438.692,0.0001398126633922498,-7.305664731731803e-05
438.583,0.044046610896914286,-0.03381815615158764,438.792,0.00013561383102994145,-8.365295619558078e-05
438.583,0.044046610896914286,-0.03381815615158764,438.892,0.00013329215648083323,-9.093445318150675e-05
438.583,0.044046610896914286,-0.03381815615158764,438.992,0.0001331783888923544,-9.116114228351286e-05
438.983,0.05523458349849654,-0.026425822617448396,439.092,0.0001315593304851187,-9.800336179412635e-05
438.983,0.05523458349849654,-0.026425822617448396,439.192,0.00013185963879121538,-9.577143331168242e-05
438.983,0.05523458349849654,-0.026425822617448396,439.292,0.0001327158719737217,-8.908583896718874e-05
438.983,0.05523458349849654,-0.026425822617448396,439.392,0.0001332824510056851,-8.101964141883668e-05
439.383,0.04950216689514241,-0.02542812938892074,439.492,0.00013348266385567072,-7.289867185121793e-05
439.383,0.04950216689514241,-0.02542812938892074,439.592,0.00013350005753511919,-7.227158413468629e-05
439.383,0.04950216689514241,-0.02542812938892074,439.692,0.000133067907888627,-6.585752875956606e-05
439.383,0.04950216689514241,-0.02542812938892074,439.792,0.00013546887015315626,-8.450625466049939e-05
439.783,0.04868372166953368,-0.02027287070855065,439.892,0.00013860320166700935,-0.00010205894563847013
439.783,0.04868372166953368,-0.02027287070855065,439.992,0.0001424766753426705,-0.00011882351228405092
439.783,0.04868372166953368,-0.02027287070855065,440.092,0.00014642757849820797,-0.00013272057813067651
439.783,0.04868372166953368,-0.02027287070855065,440.192,0.0001506484186865428,-0.00014522728971363603
440.183,0.05374689080224291,-0.013649517430799844,440.292,0.0001551581332210695,-0.00015664827824591007
440.183,0.05374689080224291,-0.013649517430799844,440.392,0.00015908000785410016,-0.00016529130441285406
440.183,0.05374689080224291,-0.013649517430799844,440.492,0.00016285397665170338,-0.00017264881436525946
440.183,0.05374689080224291,-0.013649517430799844,440.592,0.00016653384852462146,-0.0001790002159045572
440.583,0.04970108300652426,-0.012777992214329105,440.692,0.00016911102543315455,-0.00018297702964081237
440.583,0.04970108300652426,-0.012777992214329105,440.792,0.00017133457401985623,-0.00018608395196310446
440.583,0.04970108300652426,-0.012777992214329105,440.892,0.00017000974877226264,-0.0001845268962980074
440.583,0.04970108300652426,-0.012777992214329105,440.992,0.000164965959921354,-0.00017880794483523372
440.983,0.04946803880713375,-0.005485588714968424,441.092,0.00016149105157146974,-0.00017526024876812397
440.983,0.04946803880713375,-0.005485588714968424,441.192,0.0001599645140212698,-0.0001738232758682814
440.983,0.04946803880713375,-0.005485588714968424,441.292,0.00015888403100897727,-0.00017289620767256677
440.983,0.04946803880713375,-0.005485588714968424,441.392,0.00016045516758364398,-0.0001740904003721737
441.383,0.04604685409998483,-9.133434932201145e-05,441.492,0.0001652934575969831,-0.00017736129003758993
441.383,0.04604685409998483,-9.133434932201145e-05,441.592,0.00017117569996535732,-0.0001809283490314817
441.383,0.04604685409998483,-9.133434932201145e-05,441.692,0.00018100433951792535,-0.00018628695907576629
441.783,0.04142025801579789,0.007781714864996365,441.792,0.00019584298031209875,-0.0001934126874150308
441.783,0.04142025801579789,0.007781714864996365,441.892,0.00018143567603831417,-0.00018721658648231915
441.783,0.04142025801579789,0.007781714864996365,441.992,0.00018088223384959593,-0.0001870596473775251
441.783,0.04142025801579789,0.007781714864996365,442.092,0.00016662147664801288,-0.00018255702460574352
441.783,0.04142025801579789,0.007781714864996365,442.192,0.00017966013440304726,-0.00018587751190843918
442.183,0.03338948866644052,0.015527126875283329,442.292,0.00017602699783051746,-0.00018520497522855106
442.183,0.03338948866644052,0.015527126875283329,442.392,0.00018356274504267842,-0.00018650685314046696
442.183,0.03338948866644052,0.015527126875283329,442.492,0.0001737285761576738,-0.00018542333648842492
442.583,0.020368239347743265,0.023037926790590944,442.592,0.00018138164182631453,-0.0001859281839521636
442.583,0.020368239347743265,0.023037926790590944,442.692,0.00017681518587758877,-0.00018596839135063948
442.583,0.020368239347743265,0.023037926790590944,442.792,0.00016123659343370765,-0.0001868867139805465
442.583,0.020368239347743265,0.023037926790590944,442.892,0.00015812325384629569,-0.00018718668654090214
442.583,0.020368239347743265,0.023037926790590944,442.992,0.00014110883627562067,-0.00018979856656861578
442.983,0.02485267716807336,0.021188776297679936,443.092,0.0001296374429817656,-0.0001923125986094157
442.983,0.02485267716807336,0.021188776297679936,443.192,0.0001365405255135584,-0.00019042441868551575
442.983,0.02485267716807336,0.021188776297679936,443.292,0.00015211413183358307,-0.00018563356079596453
443.383,0.01578625097115837,0.02064507383033576,443.392,0.00016683854147005192,-0.0001803088463091914
443.383,0.01578625097115837,0.02064507383033576,443.492,0.00018096922007556049,-0.00017437663590513035
443.383,0.01578625097115837,0.02064507383033576,443.592,0.00019263487376392974,-0.00016877870002884608
443.383,0.01578625097115837,0.02064507383033576,443.692,0.00020325201051857336,-0.00016303585635320912
443.383,0.01578625097115837,0.02064507383033576,443.792,0.00021308982890837552,-0.00015705126678317537
443.783,0.01293610530545073,0.01537020768830079,443.892,0.0002206613402846278,-0.0001519103946320799
443.783,0.01293610530545073,0.01537020768830079,443.992,0.00022732884668336023,-0.0001468992687619822
443.783,0.01293610530545073,0.01537020768830079,444.092,0.0002333440383437313,-0.0001418769637528574
444.183,0.007010965397347235,0.01339871947706113,444.192,0.00023753067001869058,-0.00013801031789016424
444.183,0.007010965397347235,0.01339871947706113,444.292,0.00024050496418826566,-0.00013502281787848452
444.183,0.007010965397347235,0.01339871947706113,444.392,0.00023736683018026538,-0.00013854235905076795
444.183,0.007010965397347235,0.01339871947706113,444.492,0.00023476234213616528,-0.0001417678971260185
444.183,0.007010965397347235,0.01339871947706113,444.592,0.00023418008558593727,-0.0001425770965037195
444.583,-0.002854662476732725,0.010220605957848794,444.692,0.00023554422682992555,-0.00014044451008259488
444.583,-0.002854662476732725,0.010220605957848794,444.792,0.00023739920250235043,-0.00013721706677306375
444.583,-0.002854662476732725,0.010220605957848794,444.892,0.0002408901111570694,-0.0001304738732695559
444.983,0.005412535044450991,0.004140406593054556,444.992,0.0002458920445227189,-0.00011944670387969828
444.983,0.005412535044450991,0.004140406593054556,445.092,0.00025091123467962305,-0.00010674008797739747
444.983,0.005412535044450991,0.004140406593054556,445.192,0.00025687862401100784,-8.924115017300455e-05
444.983,0.005412535044450991,0.004140406593054556,445.292,0.00025958436985251254,-8.02118153424716e-05
445.383,-0.0077003192824720516,-0.0031870223283046875,445.392,0.0002599701668985585,-7.866118658634919e-05
445.383,-0.0077003192824720516,-0.0031870223283046875,445.492,0.0002597418005665076,-8.012058499140048e-05
445.383,-0.0077003192824720516,-0.0031870223283046875,445.592,0.0002602000191216452,-7.60237733350435e-05
445.383,-0.0077003192824720516,-0.0031870223283046875,445.692,0.00025986753104001084,-7.993006548555474e-05
445.383,-0.0077003192824720516,-0.0031870223283046875,445.792,0.00025983293761462303,-8.006294465372037e-05
445.783,-0.011984258303110482,-0.009260077335010043,445.892,0.0002596221909166741,-7.728878770096142e-05
445.783,-0.011984258303110482,-0.009260077335010043,445.992,0.00025928314602746374,-7.129817493374095e-05
445.783,-0.011984258303110482,-0.009260077335010043,446.092,0.0002592745851187101,-7.071876784143033e-05
445.783,-0.011984258303110482,-0.009260077335010043,446.192,0.00025904448460460785,-6.920873192661635e-05
446.183,-0.014130329293861646,-0.011256249499077515,446.292,0.00026131841415357035,-7.906431779147917e-05
446.183,-0.014130329293861646,-0.011256249499077515,446.392,0.0002635571786491833,-8.667167731937746e-05
446.183,-0.014130329293861646,-0.011256249499077515,446.492,0.0002684829641903489,-0.00010163497561052518
446.183,-0.014130329293861646,-0.011256249499077515,446.592,0.00026867612522465153,-0.00010246908718578868
446.583,-0.01943495185610389,-0.009776837335743013,446.692,0.00026112175070205034,-8.551187542664009e-05
446.583,-0.01943495185610389,-0.009776837335743013,446.792,0.0002532006861585149,-6.983112865076081e-05
446.583,-0.01943495185610389,-0.009776837335743013,446.892,0.00024482236967908087,-5.513428445627504e-05
446.983,-0.018154255337920568,-0.015428231084863575,446.992,0.000237208873121018,-4.320499710040689e-05
446.983,-0.018154255337920568,-0.015428231084863575,447.092,0.00022975244019690197,-3.268333415779939e-05
446.983,-0.018154255337920568,-0.015428231084863575,447.192,0.00022234828514386236,-2.3282373136566047e-05
446.983,-0.018154255337920568,-0.015428231084863575,447.292,0.00021631301314858786,-1.6359926056379475e-05
446.983,-0.018154255337920568,-0.015428231084863575,447.392,0.00021079162470371272,-1.0608013586702209e-05
447.383,-0.019066275066501177,-0.016374237051743686,447.492,0.0002056533292914364,-5.776756171882687e-06
447.383,-0.019066275066501177,-0.016374237051743686,447.592,0.00020224649476243534,-2.879589998780043e-06
447.383,-0.019066275066501177,-0.016374237051743686,447.692,0.00019941595225856311,-6.883435619403715e-07
447.383,-0.019066275066501177,-0.016374237051743686,447.792,0.00020276260150217171,-2.945025903513544e-06
447.783,-0.020752365736533173,-0.01890717091697822,447.892,0.00020895444093610067,-6.801640732388051e-06
447.783,-0.020752365736533173,-0.01890717091697822,447.992,0.00021298267341339616,-9.026424503089396e-06
447.783,-0.020752365736533173,-0.01890717091697822,448.092,0.0002144741239279487,-9.776546649453325e-06
447.783,-0.020752365736533173,-0.01890717091697822,448.192,0.00021535557453063086,-1.017424254279912e-05
448.183,-0.02092700402639658,-0.0191582937834511,448.292,0.00021304333970976634,-9.308123819191584e-06
448.183,-0.02092700402639658,-0.0191582937834511,448.392,0.0002069374332351379,-7.394678373465155e-06
448.183,-0.02092700402639658,-0.0191582937834511,448.492,0.000199699376654238,-5.513554024350187e-06
448.183,-0.02092700402639658,-0.0191582937834511,448.592,0.0001880869590261015,-3.0617212622729743e-06
448.583,-0.02696501112673117,-0.02156411223586524,448.692,0.00017762851109461426,-1.2678974487905e-06
448.583,-0.02696501112673117,-0.02156411223586524,448.792,0.0001936629993554455,-3.0779964937247365e-06
448.583,-0.02696501112673117,-0.02156411223586524,448.892,0.0002171782730375117,-4.3657098946303205e-06
448.583,-0.02696501112673117,-0.02156411223586524,448.992,0.00021261305898193964,-4.457343245508105e-06
448.983,-0.03366602377473315,-0.028708625348529578,449.092,0.00020158829188705583,-4.87460112781407e-06
448.983,-0.03366602377473315,-0.028708625348529578,449.192,0.00020352258536443865,-4.848605071356353e-06
448.983,-0.03366602377473315,-0.028708625348529578,449.292,0.00018774153556859596,-7.031102259334428e-06
449.383,-0.03217368474974317,-0.025926371403734223,449.392,0.00017828009333168714,-8.856396001824664e-06
449.383,-0.03217368474974317,-0.025926371403734223,449.492,0.0001829581375501966,-7.897660484856765e-06
449.383,-0.03217368474974317,-0.025926371403734223,449.592,0.00018853322428831332,-6.242759874953376e-06
449.383,-0.03217368474974317,-0.025926371403734223,449.692,0.00020264596073005594,-1.247014095361599e-06
449.383,-0.03217368474974317,-0.025926371403734223,449.792,0.00021020999306203087,1.9519433089211016e-06
449.783,-0.03172264333157242,-0.028070105211262065,449.892,0.000225999606229412,9.296344681298832e-06
449.783,-0.03172264333157242,-0.028070105211262065,449.992,0.00024692607466526915,2.0400030390530087e-05
449.783,-0.03172264333157242,-0.028070105211262065,450.092,0.0002548576223420623,2.505313808384801e-05
450.183,-0.02140910272979922,-0.035475716947656645,450.192,0.00024073741486864593,1.5605456579930185e-05
450.183,-0.02140910272979922,-0.035475716947656645,450.292,0.00022881631047395914,6.741833183901969e-06
450.183,-0.02140910272979922,-0.035475716947656645,450.392,0.0002179397675852424,-2.1959454822080606e-06
450.183,-0.02140910272979922,-0.035475716947656645,450.492,0.000207875426842455,-1.1356243935681534e-05
450.183,-0.02140910272979922,-0.035475716947656645,450.592,0.00019997369239129127,-1.9304880651450703e-05
450.583,-0.0023430020909490446,-0.03627278757677891,450.692,0.00019305210685269792,-2.69748277102165e-05
450.583,-0.0023430020909490446,-0.03627278757677891,450.792,0.00018688691473672388,-3.4547651392030586e-05
450.583,-0.0023430020909490446,-0.03627278757677891,450.892,0.000182459460073061,-4.057785879582994e-05
450.983,-0.000531906409504382,-0.03952434117891167,450.992,0.0001787082081585384,-4.62341670876207e-05
450.983,-0.000531906409504382,-0.03952434117891167,451.092,0.0001754584410680801,-5.172940222337171e-05
450.983,-0.000531906409504382,-0.03952434117891167,451.192,0.00017567621328855827,-5.117673433279093e-05
450.983,-0.000531906409504382,-0.03952434117891167,451.292,0.00017767033917038709,-4.687208283397493e-05
450.983,-0.000531906409504382,-0.03952434117891167,451.392,0.00017835307258100245,-4.523223231980898e-05
451.383,0.008151328926965722,-0.036934815675436265,451.492,0.0001786348736247659,-4.447480602846435e-05
451.383,0.008151328926965722,-0.036934815675436265,451.592,0.00017787182983817533,-4.706619821751151e-05
451.383,0.008151328926965722,-0.036934815675436265,451.692,0.00017633303927323878,-5.3562126127315236e-05
451.383,0.008151328926965722,-0.036934815675436265,451.792,0.00017487340103642456,-6.143460359296845e-05
451.783,0.012027936378631992,-0.03518808416702721,451.892,0.0001732104902276267,-7.352434317970873e-05
451.783,0.012027936378631992,-0.03518808416702721,451.992,0.00017173007710826005,-9.08106051462878e-05
451.783,0.012027936378631992,-0.03518808416702721,452.092,0.00017104180758058412,-0.0001100463854420859
452.183,0.015809158000670783,-0.02970378596193354,452.192,0.0001711251477933227,-0.00010963613834474417
452.183,0.015809158000670783,-0.02970378596193354,452.292,0.00017031289191773684,-9.767325175313296e-05
452.183,0.015809158000670783,-0.02970378596193354,452.392,0.0001702559803228437,-9.534709613602928e-05
452.183,0.015809158000670783,-0.02970378596193354,452.492,0.00017235425285688313,-0.00010788655747735577
452.583,0.011358383384362894,-0.021213096028665775,452.592,0.00017548062186397242,-0.00012219062955989214
452.583,0.011358383384362894,-0.021213096028665775,452.692,0.00017549344876621972,-0.00012227286727935736
452.583,0.011358383384362894,-0.021213096028665775,452.792,0.00017917922237013924,-0.00013407844478005446
452.583,0.011358383384362894,-0.021213096028665775,452.892,0.00018046697084085213,-0.00013788680484885096
452.983,0.012411723131564837,-0.019988982847061874,452.992,0.00018081796565685645,-0.00013853706973618896
452.983,0.012411723131564837,-0.019988982847061874,453.092,0.0001804367044803386,-0.00013774779229851596
452.983,0.012411723131564837,-0.019988982847061874,453.192,0.00017788874097411498,-0.00013303819292051649
452.983,0.012411723131564837,-0.019988982847061874,453.292,0.00016417936183562388,-0.00011107859381951454
453.383,0.020812742534473332,-0.011628655137914381,453.392,0.00015803115356664252,-0.00010223774913452456
453.383,0.020812742534473332,-0.011628655137914381,453.492,0.00015369702954965315,-9.671237647497528e-05
453.383,0.020812742534473332,-0.011628655137914381,453.592,0.00016503335123195005,-0.0001098853135840906
453.383,0.020812742534473332,-0.011628655137914381,453.692,0.00017725707279801336,-0.00012275250023491483
453.383,0.020812742534473332,-0.011628655137914381,453.792,0.00018812223510494212,-0.00013310239741856698
453.783,0.02466436086052679,0.0005434977482737995,453.892,0.0001985453157064356,-0.00014210834586495734
453.783,0.02466436086052679,0.0005434977482737995,453.992,0.00020869932632607122,-0.0001500221955937522
453.783,0.02466436086052679,0.0005434977482737995,454.092,0.0002169482982695057,-0.00015581374667813735
454.183,0.0234892114819638,0.00298218000503482,454.192,0.0002244170793404898,-0.00016053870964470042
454.183,0.0234892114819638,0.00298218000503482,454.292,0.0002312964955069631,-0.00016441390670190144
454.183,0.0234892114819638,0.00298218000503482,454.392,0.00023600342266694556,-0.00016676420351960565
454.183,0.0234892114819638,0.00298218000503482,454.492,0.00023993415726399035,-0.00016850333273969254
454.183,0.0234892114819638,0.00298218000503482,454.592,0.00024191844806055536,-0.00016928917646397346
454.583,0.0234995811023892,-0.00022022497997730526,454.692,0.0002339450054376487,-0.0001666866586252892
454.583,0.0234995811023892,-0.00022022497997730526,454.792,0.0002285010120258607,-0.00016521980656565013
454.583,0.0234995811023892,-0.00022022497997730526,454.892,0.00022568573796993035,-0.00016458995652969045
454.983,0.025125782634022053,-0.004043833659780668,454.992,0.00022345441135888686,-0.00016420281973708153
454.983,0.025125782634022053,-0.004043833659780668,455.092,0.00022449827744343563,-0.00016432791225605818
454.983,0.025125782634022053,-0.004043833659780668,455.192,0.00022929123081241368,-0.0001646209997762686
454.983,0.025125782634022053,-0.004043833659780668,455.292,0.0002350474830725603,-0.0001646871417283487
455.383,0.023683703689617832,0.002409530267866515,455.392,0.000245006635349008,-0.00016435359978729118
455.383,0.023683703689617832,0.002409530267866515,455.492,0.0002599948232887131,-0.0001630737632248042
455.383,0.023683703689617832,0.002409530267866515,455.592,0.00025250957666757794,-0.0001642852826217831
455.383,0.023683703689617832,0.002409530267866515,455.692,0.00023635656768663803,-0.00016724980461424699
455.383,0.023683703689617832,0.002409530267866515,455.792,0.0002424362428205072,-0.0001658330133349018
455.783,0.03197698222490843,0.004734730396422874,455.892,0.0002477584350660636,-0.00016441451707594303
455.783,0.03197698222490843,0.004734730396422874,455.992,0.0002329448877677831,-0.0001695305472396166
455.783,0.03197698222490843,0.004734730396422874,456.092,0.00024113405955920582,-0.00016616211794157168
455.783,0.03197698222490843,0.004734730396422874,456.192,0.00023735630898993242,-0.00016793993981806496
456.183,0.03432952986574449,0.002877696190204034,456.292,0.0002476485079590862,-0.00016260142137912445
456.183,0.03432952986574449,0.002877696190204034,456.392,0.00023752883136099112,-0.00016886811733468518
456.183,0.03432952986574449,0.002877696190204034,456.492,0.00023267690627640716,-0.00017203119795949795
456.183,0.03432952986574449,0.002877696190204034,456.592,0.00021577765668656253,-0.0001843283391081824
456.583,0.038313208400754854,-0.0015158445864569257,456.692,0.0002105842088929371,-0.00018858186921292985
456.583,0.038313208400754854,-0.0015158445864569257,456.792,0.00019765241658108604,-0.0002004555125751964
456.583,0.038313208400754854,-0.0015158445864569257,456.892,0.00019186198393816262,-0.00020607403388841702
456.583,0.038313208400754854,-0.0015158445864569257,456.992,0.00020335402457510862,-0.0001935231385552202
456.983,0.03250845576665964,0.001966401591119248,457.092,0.0002133299705841999,-0.0001814571546529487
456.983,0.03250845576665964,0.001966401591119248,457.192,0.0002224857838388279,-0.0001691698556440409
456.983,0.03250845576665964,0.001966401591119248,457.292,0.0002296885143825936,-0.00015842268530220623
456.983,0.03250845576665964,0.001966401591119248,457.392,0.00023591443049317907,-0.0001480837220532165
457.383,0.025939821985332116,0.0028282035690302184,457.492,0.0002413462948720716,-0.00013793268784356098
457.383,0.025939821985332116,0.0028282035690302184,457.592,0.0002452551591697817,-0.0001296593332059221
457.383,0.025939821985332116,0.0028282035690302184,457.692,0.00024845126411919864,-0.00012195733020785644
457.383,0.025939821985332116,0.0028282035690302184,457.792,0.00025107989093978985,-0.00011457728814289776
457.783,0.023185127409757623,0.005157853953488909,457.892,0.00025272116937378276,-0.00010912045103052914
457.783,0.023185127409757623,0.005157853953488909,457.992,0.00025376239598393123,-0.00010504787008552369
457.783,0.023185127409757623,0.005157853953488909,458.092,0.00025284668049115684,-0.00010967804889523656
457.783,0.023185127409757623,0.005157853953488909,458.192,0.0002522403672324086,-0.00011378124530878693
458.183,0.01726012360670351,0.005466018147885011,458.292,0.0002521507548068177,-0.00011476676742318486
458.183,0.01726012360670351,0.005466018147885011,458.392,0.00025224245553446634,-0.00011223078027235315
458.183,0.01726012360670351,0.005466018147885011,458.492,0.000252200377822561,-0.00010850548427349448
458.583,0.003185944640868693,-0.0029013284468958414,458.592,0.00025178086737096575,-0.00010091857686795747
458.583,0.003185944640868693,-0.0029013284468958414,458.692,0.00025048574019710787,-8.887214779010894e-05
458.583,0.003185944640868693,-0.0029013284468958414,458.792,0.00024835268906552667,-7.537561896105952e-05
458.583,0.003185944640868693,-0.0029013284468958414,458.892,0.00024458441563919456,-5.719165200570032e-05
458.583,0.003185944640868693,-0.0029013284468958414,458.992,0.00024334463668482844,-5.170220450143936e-05
458.983,-0.0009926880445471548,-0.006146367545769827,459.092,0.00023928289212969299,-3.9112703481873395e-05
458.983,-0.0009926880445471548,-0.006146367545769827,459.192,0.00024269322605290774,-4.81948712794524e-05
458.983,-0.0009926880445471548,-0.006146367545769827,459.292,0.00024029549298309062,-4.267418508141133e-05
458.983,-0.0009926880445471548,-0.006146367545769827,459.392,0.00024435575881287286,-5.096930721321521e-05
459.383,0.0014649000394003817,-0.008971912481755242,459.492,0.0002461896516203123,-5.441507668296329e-05
459.383,0.0014649000394003817,-0.008971912481755242,459.592,0.0002485999455513769,-5.848107722597377e-05
459.383,0.0014649000394003817,-0.008971912481755242,459.692,0.0002502741847052463,-6.100910572171615e-05
459.383,0.0014649000394003817,-0.008971912481755242,459.792,0.0002475483222011049,-5.742063475555257e-05
459.783,0.005194979303064282,-0.010030476219343967,459.892,0.0002489761633285103,-5.900176764838967e-05
459.783,0.005194979303064282,-0.010030476219343967,459.992,0.0002477417615811112,-5.766387435045971e-05
459.783,0.005194979303064282,-0.010030476219343967,460.092,0.00025401565619725995,-6.394880391387855e-05
459.783,0.005194979303064282,-0.010030476219343967,460.192,0.0002570778621094083,-6.666635517376944e-05
460.183,0.013935584625197703,-0.006010350950634267,460.292,0.0002643878983391784,-7.264356597795115e-05
460.183,0.013935584625197703,-0.006010350950634267,460.392,0.0002492243023033468,-6.183377665742148e-05
460.183,0.013935584625197703,-0.006010350950634267,460.492,0.00023377426560629948,-5.1946905669676516e-05
460.183,0.013935584625197703,-0.006010350950634267,460.592,0.00022021145474764223,-4.4193275788282147e-05
460.583,0.011273581405218648,-0.00901812899053045,460.692,0.00020736418103276265,-3.765471484876915e-05
460.583,0.011273581405218648,-0.00901812899053045,460.792,0.0001950007199020242,-3.212950613532625e-05
460.583,0.011273581405218648,-0.00901812899053045,460.892,0.00018498697434987156,-2.8241433012478954e-05
460.983,0.014202518234090512,-0.011066328860819768,460.992,0.00017598979341134355,-2.523787446340546e-05
460.983,0.014202518234090512,-0.011066328860819768,461.092,0.00016776945761839388,-2.2951898863219575e-05
460.983,0.014202518234090512,-0.011066328860819768,461.192,0.00016204965382108212,-2.1664753413825452e-05
460.983,0.014202518234090512,-0.011066328860819768,461.292,0.00015727371411336662,-2.0823058688907023e-05
460.983,0.014202518234090512,-0.011066328860819768,461.392,0.00015320973182462647,-2.0324407186746432e-05
461.383,0.010518887528031219,-0.01631558542104759,461.492,0.00015921197073927974,-2.0714013920631627e-05
461.383,0.010518887528031219,-0.01631558542104759,461.592,0.00016557707018200382,-2.0851145750034814e-05
461.383,0.010518887528031219,-0.01631558542104759,461.692,0.00016930928217396342,-2.0764907072266612e-05
461.783,0.0016701075528766682,-0.02326458016971782,461.792,0.00017247641523685452,-2.053572785061698e-05
461.783,0.0016701075528766682,-0.02326458016971782,461.892,0.0001724306627544394,-2.0537053210771543e-05
461.783,0.0016701075528766682,-0.02326458016971782,461.992,0.0001688281787432059,-2.1199635884858595e-05
461.783,0.0016701075528766682,-0.02326458016971782,462.092,0.00016436427055927576,-2.2247849065384575e-05
461.783,0.0016701075528766682,-0.02326458016971782,462.192,0.00015608669466543978,-2.45853921855829e-05
462.183,-0.0038519195037263264,-0.032149889041510726,462.292,0.00014332137618529328,-2.8916989866300776e-05
462.183,-0.0038519195037263264,-0.032149889041510726,462.392,0.0001371270496344061,-3.120206223454076e-05
462.183,-0.0038519195037263264,-0.032149889041510726,462.492,0.00014351429517078597,-2.8386515701419013e-05
462.183,-0.0038519195037263264,-0.032149889041510726,462.592,0.00014094781670767164,-2.9680248951411867e-05
462.583,-0.003106484473581154,-0.03382605603644083,462.692,0.000139606889116334,-3.0502597321064363e-05
462.583,-0.003106484473581154,-0.03382605603644083,462.792,0.00012865490075466036,-3.7396652357706705e-05
462.583,-0.003106484473581154,-0.03382605603644083,462.892,0.00012530048042131158,-3.976424460206678e-05
462.583,-0.003106484473581154,-0.03382605603644083,462.992,0.0001274844390189497,-3.793432276214816e-05
462.983,-0.0032117267298804784,-0.028840023023321962,463.092,0.0001229376435314721,-4.213150194474718e-05
462.983,-0.0032117267298804784,-0.028840023023321962,463.192,0.00013311902746408175,-3.2518540735140735e-05
462.983,-0.0032117267298804784,-0.028840023023321962,463.292,0.0001433996020412328,-2.1346177323767214e-05
463.383,0.005149391914803708,-0.03901989134047073,463.392,0.00014146508400979615,-2.3590942301430765e-05
463.383,0.005149391914803708,-0.03901989134047073,463.492,0.00014959494260533584,-1.2730636003689438e-05
463.383,0.005149391914803708,-0.03901989134047073,463.592,0.00016064746471138605,3.537258886526614e-06
463.383,0.005149391914803708,-0.03901989134047073,463.692,0.00016997619127656125,1.8836019367576767e-05
463.383,0.005149391914803708,-0.03901989134047073,463.792,0.00017007676352258922,1.8725094973253025e-05
463.783,0.012883128756049978,-0.043777430362325113,463.892,0.00016318296526665572,4.3894370966633985e-06
463.783,0.012883128756049978,-0.043777430362325113,463.992,0.00015725874251243553,-9.634732777081043e-06
463.783,0.012883128756049978,-0.043777430362325113,464.092,0.00015217845929975038,-2.35868901986917e-05
464.183,0.014494939676481383,-0.04259168697883865,464.192,0.00014850713589706086,-3.548663398784307e-05
464.183,0.014494939676481383,-0.04259168697883865,464.292,0.00014563335305728474,-4.670074430564049e-05
464.183,0.014494939676481383,-0.04259168697883865,464.392,0.00014344426774306711,-5.749218185809687e-05
464.183,0.014494939676481383,-0.04259168697883865,464.492,0.00014214744911702506,-6.606248070993359e-05
464.183,0.014494939676481383,-0.04259168697883865,464.592,0.0001413431343522044,-7.390348837947953e-05
464.583,0.014074305881861883,-0.042550775913730556,464.692,0.00014096596183672266,-8.129951995913642e-05
464.583,0.014074305881861883,-0.042550775913730556,464.792,0.0001409609811362735,-8.660579054002324e-05
464.583,0.014074305881861883,-0.042550775913730556,464.892,0.00014087619649789699,-8.64189182294176e-05
464.583,0.014074305881861883,-0.042550775913730556,464.992,0.0001404934918872124,-8.237947916316389e-05
464.983,0.017677331243992477,-0.04039616170912645,465.092,0.0001400297961516505,-7.916611615168668e-05
464.983,0.017677331243992477,-0.04039616170912645,465.192,0.00014002865354571654,-7.917401520177537e-05
464.983,0.017677331243992477,-0.04039616170912645,465.292,0.0001409472034694682,-8.272949792200586e-05
464.983,0.017677331243992477,-0.04039616170912645,465.392,0.0001423999727117297,-8.740380200767244e-05
465.383,0.02430671707110892,-0.03768094789428633,465.492,0.0001454069337472429,-9.573291461521033e-05
465.383,0.02430671707110892,-0.03768094789428633,465.592,0.00015064951025717276,-0.00010819828969239489
465.383,0.02430671707110892,-0.03768094789428633,465.692,0.00015721853189976662,-0.0001218747470268332
465.383,0.02430671707110892,-0.03768094789428633,465.792,0.00016680298137973973,-0.00013961046283774618
465.783,0.018767404433921234,-0.03394371524939686,465.892,0.0001652624903415194,-0.00013705695076887716
465.783,0.018767404433921234,-0.03394371524939686,465.992,0.00016289741122581746,-0.0001337127760573854
465.783,0.018767404433921234,-0.03394371524939686,466.092,0.00016794627171492653,-0.00014039304759175502
466.183,0.021982292862661026,-0.033140555233605644,466.192,0.0001682708961641347,-0.00014093470944049951
466.183,0.021982292862661026,-0.033140555233605644,466.292,0.000175928277690975,-0.0001492676112898684
466.183,0.021982292862661026,-0.033140555233605644,466.392,0.00017716152206131788,-0.00015037487338416438
466.183,0.021982292862661026,-0.033140555233605644,466.492,0.00018036946957361311,-0.00015337294345152942
466.183,0.021982292862661026,-0.033140555233605644,466.592,0.00018094618857957153,-0.00015384406182893852
466.583,0.026743901277283037,-0.024464061658681986,466.692,0.0001815255548793535,-0.00015434565866633834
466.583,0.026743901277283037,-0.024464061658681986,466.792,0.00017848397161649346,-0.00015256753202192117
466.583,0.026743901277283037,-0.024464061658681986,466.892,0.0001680267760450992,-0.00014649967805262733
466.983,0.036978509714573136,-0.01786433181993598,466.992,0.00015852402277371995,-0.00014151263429580584
466.983,0.036978509714573136,-0.01786433181993598,467.092,0.00015607004446133044,-0.0001405384098254591
466.983,0.036978509714573136,-0.01786433181993598,467.192,0.00014091163060554998,-0.00013441955796455863
466.983,0.036978509714573136,-0.01786433181993598,467.292,0.00015823095509646766,-0.0001403169524411208
466.983,0.036978509714573136,-0.01786433181993598,467.392,0.00017560865572372107,-0.00014527846213914364
467.383,0.03429134815542844,-0.011682183991469449,467.492,0.00019055271767749106,-0.00014874897158500744
467.383,0.03429134815542844,-0.011682183991469449,467.592,0.00020444849855917819,-0.00015127245347796076
467.383,0.03429134815542844,-0.011682183991469449,467.692,0.0002175742463843912,-0.0001529767158719005
467.783,0.03636766574220666,-0.009540142753317216,467.792,0.00022797986582132802,-0.00015380262499677745
467.783,0.03636766574220666,-0.009540142753317216,467.892,0.0002371632640037322,-0.0001540882290798619
467.783,0.03636766574220666,-0.009540142753317216,467.992,0.0002454011491124312,-0.00015392410522575115
467.783,0.03636766574220666,-0.009540142753317216,468.092,0.0002509727343188142,-0.0001535345185775662
467.783,0.03636766574220666,-0.009540142753317216,468.192,0.00025553650729211316,-0.0001530001288489683
468.183,0.04082811697161441,0.006632155413940234,468.292,0.00025920985160857304,-0.00015237615777393814
468.183,0.04082811697161441,0.006632155413940234,468.392,0.0002517025249259219,-0.000154058187522222
468.183,0.04082811697161441,0.006632155413940234,468.492,0.000245884390450978,-0.0001556663154819411
468.183,0.04082811697161441,0.006632155413940234,468.592,0.00024269840784405027,-0.00015669989316395108
468.583,0.03905060980743512,0.010246055625516799,468.692,0.00024011520736611885,-0.00015767974394568604
468.583,0.03905060980743512,0.010246055625516799,468.792,0.00024057626970222946,-0.00015747988359536628
468.583,0.03905060980743512,0.010246055625516799,468.892,0.0002442974126438597,-0.00015557832825991948
468.583,0.03905060980743512,0.010246055625516799,468.992,0.00024874160262706963,-0.00015302559196880687
468.983,0.032255999457421906,0.01092840066630117,469.092,0.0002565127090748418,-0.00014808384411669795
468.983,0.032255999457421906,0.01092840066630117,469.192,0.00026807410905493417,-0.00013986142266658318
468.983,0.032255999457421906,0.01092840066630117,469.292,0.0002673345152022809,-0.0001407506020241607
468.983,0.032255999457421906,0.01092840066630117,469.392,0.00025347184686255704,-0.00015287308958842661
469.383,0.03939994136955036,0.009441196593181166,469.492,0.00024266056630194385,-0.00016294155915295953
469.383,0.03939994136955036,0.009441196593181166,469.592,0.00023763887784697602,-0.00016829688511994833
469.383,0.03939994136955036,0.009441196593181166,469.692,0.00024414519122237694,-0.00016056698670888984
469.383,0.03939994136955036,0.009441196593181166,469.792,0.0002493026509036051,-0.0001539872879635209
469.783,0.04331770443714484,0.007509293423202901,469.892,0.00026293660408238255,-0.00013440794202426075
469.783,0.04331770443714484,0.007509293423202901,469.992,0.00026760898477386235,-0.00012712853234691905
469.783,0.04331770443714484,0.007509293423202901,470.092,0.0002663669040195972,-0.000129582929209454
470.183,0.053422088879011155,0.010896370651453973,470.192,0.0002646545033590964,-0.00013295731090503786
470.183,0.053422088879011155,0.010896370651453973,470.292,0.00026010776760730984,-0.00014333952579220608
470.183,0.053422088879011155,0.010896370651453973,470.392,0.00025731854158844215,-0.00015057604253572847
470.183,0.053422088879011155,0.010896370651453973,470.492,0.0002542558638135151,-0.00016093692408865407
470.183,0.053422088879011155,0.010896370651453973,470.592,0.0002531182351376384,-0.000165075402013754
470.583,0.04098105911986973,0.01629782431842483,470.692,0.00025364607348416575,-0.00016209187145054698
470.583,0.04098105911986973,0.01629782431842483,470.792,0.0002561194297430351,-0.0001464583398013007
470.583,0.04098105911986973,0.01629782431842483,470.892,0.00025775375643062164,-0.00013143132649277742
470.583,0.04098105911986973,0.01629782431842483,470.992,0.0002586052115759617,-0.00011672611715256966
470.983,0.033466156877500805,0.020080784971870082,471.092,0.00025870255238357565,-0.00010439351424259798
470.983,0.033466156877500805,0.020080784971870082,471.192,0.00025823888813841263,-9.294788133232312e-05
470.983,0.033466156877500805,0.020080784971870082,471.292,0.0002572469672123398,-8.210500769172726e-05
470.983,0.033466156877500805,0.020080784971870082,471.392,0.00025604380117929767,-7.36400975994881e-05
471.383,0.03271148936757265,0.01969322073069246,471.492,0.00025458273186532095,-6.600707339096528e-05
471.383,0.03271148936757265,0.01969322073069246,471.592,0.0002528440287712931,-5.891494957918307e-05
471.383,0.03271148936757265,0.01969322073069246,471.692,0.0002513514548875765,-5.3921179619372924e-05
471.383,0.03271148936757265,0.01969322073069246,471.792,0.00025183219970959414,-5.5060813796267046e-05
471.783,0.018396274924645746,0.012716505009988149,471.892,0.00025328421485290163,-5.8638979045789295e-05
471.783,0.018396274924645746,0.012716505009988149,471.992,0.00025455433406112294,-6.137751389056733e-05
471.783,0.018396274924645746,0.012716505009988149,472.092,0.00025443507128836726,-6.114782498064531e-05
471.783,0.018396274924645746,0.012716505009988149,472.192,0.00025238776585534786,-5.7761809130193895e-05
472.183,0.02190130829052464,0.01153613808579623,472.292,0.0002494906426508633,-5.345810206001666e-05
472.183,0.02190130829052464,0.01153613808579623,472.392,0.00024403052733294465,-4.609120463639272e-05
472.183,0.02190130829052464,0.01153613808579623,472.492,0.0002352024884549831,-3.538264449898872e-05
472.583,0.01864106136388071,0.009409695014817058,472.592,0.00022472591099083417,-2.3888168115715606e-05
472.583,0.01864106136388071,0.009409695014817058,472.692,0.00021017709879036527,-9.379054493221133e-06
472.583,0.01864106136388071,0.009409695014817058,472.792,0.00021637527869708043,-1.5025878869432999e-05
472.583,0.01864106136388071,0.009409695014817058,472.892,0.00022748950850632515,-2.405585861343062e-05
472.583,0.01864106136388071,0.009409695014817058,472.992,0.00022821544393291211,-2.490123636477922e-05
472.983,0.019288571445705813,0.00869853017326797,473.092,0.00022195947472151045,-2.0710957761168097e-05
472.983,0.019288571445705813,0.00869853017326797,473.192,0.00021570685705879364,-1.7096531034025364e-05
472.983,0.019288571445705813,0.00869853017326797,473.292,0.00021651344283332512,-1.7485316717625033e-05
473.383,0.024135263182008038,0.0039037768904202955,473.392,0.00021315027546827789,-1.5817525909578308e-05
473.383,0.024135263182008038,0.0039037768904202955,473.492,0.0001977520520028998,-9.512458901312041e-06
473.383,0.024135263182008038,0.0039037768904202955,473.592,0.00019344951338040562,-7.939103656618822e-06
473.383,0.024135263182008038,0.0039037768904202955,473.692,0.00020457447727484284,-1.1147185842433123e-05
473.383,0.024135263182008038,0.0039037768904202955,473.792,0.00020684763604861747,-1.1767798676136358e-05
473.783,0.011279826923918252,-0.0033802715817851355,473.892,0.00021371962305754796,-1.2992153501174913e-05
473.783,0.011279826923918252,-0.0033802715817851355,473.992,0.00022918942314917434,-1.506945883641189e-05
473.783,0.011279826923918252,-0.0033802715817851355,474.092,0.00021539846456426734,-1.4010471645191206e-05
474.183,-0.001974249033309512,-0.01115382728650152,474.192,0.00019705312899887924,-1.3333353137821256e-05
474.183,-0.001974249033309512,-0.01115382728650152,474.292,0.0001792640087545593,-1.3572695935021758e-05
474.183,-0.001974249033309512,-0.01115382728650152,474.392,0.00016424366100904788,-1.45259069399595e-05
474.183,-0.001974249033309512,-0.01115382728650152,474.492,0.0001505091511600485,-1.606933165838061e-05
474.183,-0.001974249033309512,-0.01115382728650152,474.592,0.00013775780383333845,-1.815919396606327e-05
474.583,-0.012417642295220575,-0.0177787136388104,474.692,0.00012785857052515472,-2.0293592071409204e-05
474.583,-0.012417642295220575,-0.0177787136388104,474.792,0.00011927420657186553,-2.2581194428919744e-05
474.583,-0.012417642295220575,-0.0177787136388104,474.892,0.00011171546127878531,-2.501490077548711e-05
474.583,-0.012417642295220575,-0.0177787136388104,474.992,0.00010675418029132857,-2.6890169522217304e-05
474.983,-0.016227485219818934,-0.013376441884332816,475.092,0.00010277299426010658,-2.861089889999508e-05
474.983,-0.016227485219818934,-0.013376441884332816,475.192,0.00010059323945724821,-2.9665919026658412e-05
474.983,-0.016227485219818934,-0.013376441884332816,475.292,0.00010790974918628397,-2.558120153893779e-05
474.983,-0.016227485219818934,-0.013376441884332816,475.392,0.00011272799186417882,-2.255175646046524e-05
475.383,-0.017442106293949062,-0.021685072947468482,475.492,0.00011515296651516861,-2.0876573894546737e-05
475.383,-0.017442106293949062,-0.021685072947468482,475.592,0.00011700401180181504,-1.9460844303350622e-05
475.383,-0.017442106293949062,-0.021685072947468482,475.692,0.00011625885748787047,-2.0094772838821057e-05
475.383,-0.017442106293949062,-0.021685072947468482,475.792,0.0001128508251946425,-2.3356579102829602e-05
475.783,-0.0060980841645572915,-0.03673510555150526,475.892,0.00010893916695560258,-2.748707322358264e-05
475.783,-0.0060980841645572915,-0.03673510555150526,475.992,0.00010249903764336975,-3.49373898281492e-05
475.783,-0.0060980841645572915,-0.03673510555150526,476.092,9.333186627240044e-05,-4.6722138903129766e-05
475.783,-0.0060980841645572915,-0.03673510555150526,476.192,9.629101876042078e-05,-4.219025520971935e-05
476.183,-0.0020463850938366927,-0.03355467857706537,476.292,9.80862626019343e-05,-3.926566921212655e-05
476.183,-0.0020463850938366927,-0.03355467857706537,476.392,0.00010409802675888771,-2.904663480935739e-05
476.183,-0.0020463850938366927,-0.03355467857706537,476.492,0.00010551016648635508,-2.655261186220734e-05
476.183,-0.0020463850938366927,-0.03355467857706537,476.592,0.00010609339095619814,-2.5557005591350445e-05
476.583,0.006561786715686629,-0.03748243153267143,476.692,0.00010210716218657368,-3.6115203941408346e-05
476.583,0.006561786715686629,-0.03748243153267143,476.792,9.643854646537999e-05,-5.3268651000023195e-05
476.583,0.006561786715686629,-0.03748243153267143,476.892,9.684497792939977e-05,-5.1746154473000664e-05
476.983,0.00046526885278619975,-0.03166342054704645,476.992,9.925220448252354e-05,-4.1062114385249164e-05
476.983,0.00046526885278619975,-0.03166342054704645,477.092,9.930660635075264e-05,-4.0802175975755974e-05
476.983,0.00046526885278619975,-0.03166342054704645,477.192,0.00010032227796084193,-3.143080410671856e-05
476.983,0.00046526885278619975,-0.03166342054704645,477.292,0.00010133709729862606,-1.4319431723268857e-05
476.983,0.00046526885278619975,-0.03166342054704645,477.392,0.00010181950732933315,1.7925996618925965e-05
477.383,-0.000701981600159554,-0.021809509210824994,477.492,0.00010223162574690781,1.0004627845386301e-05
477.383,-0.000701981600159554,-0.021809509210824994,477.592,0.00010364673929746682,-6.81894814425026e-06
477.383,-0.000701981600159554,-0.021809509210824994,477.692,0.00010588548465589135,-2.338204702499347e-05
477.383,-0.000701981600159554,-0.021809509210824994,477.792,0.00010851871701870555,-3.7508405098606746e-05
477.783,-0.008954511331189607,-0.024906732307342947,477.892,0.00011164711864825867,-5.0703526514200984e-05
477.783,-0.008954511331189607,-0.024906732307342947,477.992,0.00011529847721859244,-6.324240781262362e-05
477.783,-0.008954511331189607,-0.024906732307342947,478.092,0.00011878767594655188,-7.331993058943968e-05
477.783,-0.008954511331189607,-0.024906732307342947,478.192,0.00012243537173256617,-8.241172677334534e-05
478.183,-0.012398763109555561,-0.021805224521109216,478.292,0.0001263072989471592,-9.079939670750731e-05
478.183,-0.012398763109555561,-0.021805224521109216,478.392,0.00012955022647259665,-9.69912492340372e-05
478.183,-0.012398763109555561,-0.021805224521109216,478.492,0.00013275524326354716,-0.00010246062587323088
478.183,-0.012398763109555561,-0.021805224521109216,478.592,0.00013601910351000393,-0.00010742477874867395
478.583,-0.005806568435917581,-0.02428293979437758,478.692,0.00013301546379337212,-0.0001033515520428179
478.583,-0.005806568435917581,-0.02428293979437758,478.792,0.00013060205179328855,-0.0001003793110420613
478.583,-0.005806568435917581,-0.02428293979437758,478.892,0.00013014396634704746,-9.984185927373824e-05
478.583,-0.005806568435917581,-0.02428293979437758,478.992,0.00013038641310186976,-0.00010006121487789673
478.983,0.009950226424681855,-0.025444286388509783,479.092,0.000133291727963557,-0.00010271992850081104
478.983,0.009950226424681855,-0.025444286388509783,479.192,0.0001395134263227373,-0.0001078357298468604
478.983,0.009950226424681855,-0.025444286388509783,479.292,0.00014706475588799597,-0.00011344266601397311
478.983,0.009950226424681855,-0.025444286388509783,479.392,0.00015848473015595365,-0.00012111762394567352
479.383,0.015159540738673387,-0.024567952692219237,479.492,0.00017488883825439677,-0.00013096445012204753
479.383,0.015159540738673387,-0.024567952692219237,479.592,0.00018301686768593478,-0.00013550709021342312
479.383,0.015159540738673387,-0.024567952692219237,479.692,0.00017799270881356372,-0.00013305742981606488
479.383,0.015159540738673387,-0.024567952692219237,479.792,0.00017948456968951991,-0.00013373431427659215
479.783,0.03618670786183851,-0.020181389514722984,479.892,0.00018299804745414353,-0.00013489271491262257
479.783,0.03618670786183851,-0.020181389514722984,479.992,0.000206459087602728,-0.00014204242131279684
479.783,0.03618670786183851,-0.020181389514722984,480.092,0.00020908009081429903,-0.00014273503285069876
479.783,0.03618670786183851,-0.020181389514722984,480.192,0.00021156312536598957,-0.0001430852800313223
480.183,0.0367597075643417,-0.020698329736556234,480.292,0.00021679160588460595,-0.00014371611808019583
480.183,0.0367597075643417,-0.020698329736556234,480.392,0.00022465724949505565,-0.00014446479569214777
480.183,0.0367597075643417,-0.020698329736556234,480.492,0.00023762370264747225,-0.0001450728545201706
480.183,0.0367597075643417,-0.020698329736556234,480.592,0.00023728060946740293,-0.00014497582402493004
480.583,0.04427749319699793,-0.017360124293958355,480.692,0.00023011442174340855,-0.00014549364932828026
480.583,0.04427749319699793,-0.017360124293958355,480.792,0.00021254986279437897,-0.0001473602421383364
480.583,0.04427749319699793,-0.017360124293958355,480.892,0.00020160310764009656,-0.00014898684379423036
480.983,0.04085736023557083,-0.011623907520151446,480.992,0.00021518220518203552,-0.00014595576707319025
480.983,0.04085736023557083,-0.011623907520151446,481.092,0.00023215194169757164,-0.00014151987923780493
480.983,0.04085736023557083,-0.011623907520151446,481.192,0.0002479458518000544,-0.00013656167433627616
480.983,0.04085736023557083,-0.011623907520151446,481.292,0.0002627758459463914,-0.00013107095379300698
480.983,0.04085736023557083,-0.011623907520151446,481.392,0.00027475157147243686,-0.00012594385013864774
481.383,0.03547120329299937,-0.00425552612641917,481.492,0.0002853204662199682,-0.00012080050601752332
481.383,0.03547120329299937,-0.00425552612641917,481.592,0.00029478116547398064,-0.0001155876678517456
481.383,0.03547120329299937,-0.00425552612641917,481.692,0.0003016255871197718,-0.00011135816445833339
481.783,0.03136542428921656,0.0003148689596320311,481.792,0.0003073035582822482,-0.00010746382799643606
481.783,0.03136542428921656,0.0003148689596320311,481.892,0.0003120780579956264,-0.00010381393661691603
481.783,0.03136542428921656,0.0003148689596320311,481.992,0.0003147518672383522,-0.00010155007942204255
481.783,0.03136542428921656,0.0003148689596320311,482.092,0.00031381531655585103,-0.00010252900013715794
482.183,0.02633416625227406,0.012688371224703645,482.192,0.0003093311816975578,-0.00010714419724042056
482.183,0.02633416625227406,0.012688371224703645,482.292,0.00030535663471051175,-0.00011166622958899899
482.183,0.02633416625227406,0.012688371224703645,482.392,0.0003033970079931597,-0.00011415144111109142
482.183,0.02633416625227406,0.012688371224703645,482.492,0.000303387162688108,-0.00011413382745793648
482.583,0.028793233444620415,0.019905577094522835,482.592,0.0003037923805326315,-0.00011346743665889138
482.583,0.028793233444620415,0.019905577094522835,482.692,0.00030597932348539787,-0.00010965831173724143
482.583,0.028793233444620415,0.019905577094522835,482.792,0.00030985113664037847,-0.00010199725429523215
482.583,0.028793233444620415,0.019905577094522835,482.892,0.00031384672945601014,-9.301159100634977e-05
482.983,0.023191495865153587,0.030935099102680608,482.992,0.00031912079414466257,-7.947832041302978e-05
482.983,0.023191495865153587,0.030935099102680608,483.092,0.0003164607920620689,-8.762018336267467e-05
482.983,0.023191495865153587,0.030935099102680608,483.192,0.00031067648545675896,-0.0001083243462488986
482.983,0.023191495865153587,0.030935099102680608,483.292,0.0003067004109969694,-0.0001252803128139549
483.383,0.024729246992523185,0.02273652766192499,483.392,0.000308157645912203,-0.00011756846194713106
483.383,0.024729246992523185,0.02273652766192499,483.492,0.0003083206551904466,-0.0001164660632451373
483.383,0.024729246992523185,0.02273652766192499,483.592,0.00030823699413895365,-0.00011821868949432761
483.383,0.024729246992523185,0.02273652766192499,483.692,0.00030843567035261535,-0.00011024930689009451
483.383,0.024729246992523185,0.02273652766192499,483.792,0.0003084686661980219,-0.0001067175174094622
483.783,0.01665947563837534,0.027840253025515457,483.892,0.0003098698947082201,-0.00012529860168068344
483.783,0.01665947563837534,0.027840253025515457,483.992,0.0003107110450697962,-0.00013247924591099804
483.783,0.01665947563837534,0.027840253025515457,484.092,0.00031352624056074706,-0.00014804617456798101
484.183,0.010123321946417975,0.02972579190743657,484.192,0.0003178296253557528,-0.0001666116762152282
484.183,0.010123321946417975,0.02972579190743657,484.292,0.0003230211583689928,-0.0001856667487572151
484.183,0.010123321946417975,0.02972579190743657,484.392,0.0003171138543764952,-0.00016819954510461033
484.183,0.010123321946417975,0.02972579190743657,484.492,0.0003111670339959722,-0.00015313873004005668
484.183,0.010123321946417975,0.02972579190743657,484.592,0.00030476427315377706,-0.00013897711569481845
484.583,0.013326266850390144,0.02364220314668081,484.692,0.00029781283801161117,-0.00012546318554028233
484.583,0.013326266850390144,0.02364220314668081,484.792,0.0002913922413916773,-0.00011437921853478094
484.583,0.013326266850390144,0.02364220314668081,484.892,0.00028491582283727456,-0.00010435145532737916
484.583,0.013326266850390144,0.02364220314668081,484.992,0.0002782661871317488,-9.51182672887151e-05
484.983,0.006642424688352198,0.0258795910477682,485.092,0.00027263525615801545,-8.807044061177081e-05
484.983,0.006642424688352198,0.0258795910477682,485.192,0.0002672048525916773,-8.190530322561796e-05
484.983,0.006642424688352198,0.0258795910477682,485.292,0.00026181371283675274,-7.638231122291029e-05
484.983,0.006642424688352198,0.0258795910477682,485.392,0.0002577121395294709,-7.258060987375512e-05
485.383,0.0025299877385038007,0.01964379540735874,485.492,0.0002553126160186643,-7.05049869624802e-05
485.383,0.0025299877385038007,0.01964379540735874,485.592,0.00025908272414802794,-7.33818426041269e-05
485.383,0.0025299877385038007,0.01964379540735874,485.692,0.0002623053691739355,-7.559735805523455e-05
485.783,-0.011205277616045395,0.018299574011386086,485.792,0.00026292693668385767,-7.597419458630645e-05
485.783,-0.011205277616045395,0.018299574011386086,485.892,0.0002604269353693784,-7.463359082699496e-05
485.783,-0.011205277616045395,0.018299574011386086,485.992,0.0002567832612184801,-7.289863805867911e-05
485.783,-0.011205277616045395,0.018299574011386086,486.092,0.0002494789253908563,-6.980983864277055e-05
485.783,-0.011205277616045395,0.018299574011386086,486.192,0.000237742582622508,-6.554877410513159e-05
486.183,-0.01374079287108699,0.01880347055318477,486.292,0.0002243015147870907,-6.141142016652942e-05
486.183,-0.01374079287108699,0.01880347055318477,486.392,0.00020595999844155168,-5.670798294158335e-05
486.183,-0.01374079287108699,0.01880347055318477,486.492,0.00020290793319459392,-5.588711853598051e-05
486.183,-0.01374079287108699,0.01880347055318477,486.592,0.00021419161739158826,-5.763051902438334e-05
486.583,-0.018794525144460287,0.022436628578948077,486.692,0.00021034830453233063,-5.718297984598408e-05
486.583,-0.018794525144460287,0.022436628578948077,486.792,0.00020762797716518836,-5.692610243109493e-05
486.583,-0.018794525144460287,0.022436628578948077,486.892,0.00020533747527355195,-5.6870139912706986e-05
486.583,-0.018794525144460287,0.022436628578948077,486.992,0.00020300870944296297,-5.720232293132955e-05
486.983,-0.03277193064769939,0.01590668972952585,487.092,0.0002005439573670081,-5.742743052025551e-05
486.983,-0.03277193064769939,0.01590668972952585,487.192,0.0001903851104913874,-5.9021942940540485e-05
486.983,-0.03277193064769939,0.01590668972952585,487.292,0.00017738147071734347,-6.17135066516572e-05
487.383,-0.030844083617439722,0.011423896568053446,487.392,0.00018021729183776702,-6.089684287768863e-05
487.383,-0.030844083617439722,0.011423896568053446,487.492,0.0001865557313239597,-5.8976159207399284e-05
487.383,-0.030844083617439722,0.011423896568053446,487.592,0.0001962314922841667,-5.5473694026193844e-05
487.383,-0.030844083617439722,0.011423896568053446,487.692,0.00020236034664151896,-5.293116109113705e-05
487.383,-0.030844083617439722,0.011423896568053446,487.792,0.00018801603300800187,-5.9906554151265055e-05
487.783,-0.03775417417334325,-0.0007528796874762104,487.892,0.00017215852011164324,-6.849977654731161e-05
487.783,-0.03775417417334325,-0.0007528796874762104,487.992,0.0001576435105969632,-7.73045900321058e-05
487.783,-0.03775417417334325,-0.0007528796874762104,488.092,0.0001441743686274288,-8.643351806212809e-05
487.783,-0.03775417417334325,-0.0007528796874762104,488.192,0.00013339627028848808,-9.45519635934426e-05
488.183,-0.03113465324764426,-0.009361804067912184,488.292,0.0001239993988876125,-0.00010237094771148458
488.183,-0.03113465324764426,-0.009361804067912184,488.392,0.00011570505431964704,-0.00011001558957272873
488.183,-0.03113465324764426,-0.009361804067912184,488.492,0.00010974153037887329,-0.0001160894365537875
488.183,-0.03113465324764426,-0.009361804067912184,488.592,0.00010486250379815687,-0.00012155833326268132
488.583,-0.02824541458638733,-0.008169510260144416,488.692,0.00010083250101311558,-0.0001265718679266757
488.583,-0.02824541458638733,-0.008169510260144416,488.792,9.8545972623802e-05,-0.00012972648395689456
488.583,-0.02824541458638733,-0.008169510260144416,488.892,9.742222199376066e-05,-0.00013138675177406218
488.583,-0.02824541458638733,-0.008169510260144416,488.992,0.00010093055288841868,-0.00012539286471947037
488.983,-0.023719241995753766,-0.012520679535160686,489.092,0.00010395591073290859,-0.00011957844871610733
488.983,-0.023719241995753766,-0.012520679535160686,489.192,0.0001055169372198865,-0.0001161463503373418
488.983,-0.023719241995753766,-0.012520679535160686,489.292,0.00010579069989912812,-0.00011550615659634013
