Timestamp,CPU Usage (%),RAM Usage (%)
2025-03-15 21:54:02.783,17.4,22.2
2025-03-15 21:54:02.884,24.4,22.2
2025-03-15 21:54:02.985,9.6,22.2
2025-03-15 21:54:03.086,7.7,22.2
2025-03-15 21:54:03.187,14.6,22.2
2025-03-15 21:54:03.287,15.0,22.2
2025-03-15 21:54:03.388,33.9,22.2
2025-03-15 21:54:03.488,35.8,22.2
2025-03-15 21:54:03.589,30.9,22.2
2025-03-15 21:54:03.690,11.6,22.2
2025-03-15 21:54:03.791,6.5,22.2
2025-03-15 21:54:03.891,7.6,22.2
2025-03-15 21:54:03.992,27.2,22.2
2025-03-15 21:54:04.093,31.6,22.2
2025-03-15 21:54:04.193,33.0,22.2
2025-03-15 21:54:04.294,16.9,22.2
2025-03-15 21:54:04.395,14.4,22.2
2025-03-15 21:54:04.496,16.3,22.2
2025-03-15 21:54:04.597,20.1,22.2
2025-03-15 21:54:04.697,32.8,22.2
2025-03-15 21:54:04.798,22.1,22.2
2025-03-15 21:54:04.899,8.5,22.2
2025-03-15 21:54:04.999,23.0,22.2
2025-03-15 21:54:05.100,20.0,22.3
2025-03-15 21:54:05.200,25.4,22.3
2025-03-15 21:54:05.301,12.2,22.3
2025-03-15 21:54:05.402,10.9,22.3
2025-03-15 21:54:05.502,8.9,22.3
2025-03-15 21:54:05.603,11.4,22.3
2025-03-15 21:54:05.703,16.9,22.3
2025-03-15 21:54:05.804,23.3,22.3
2025-03-15 21:54:05.905,20.1,22.3
2025-03-15 21:54:06.005,20.0,22.3
2025-03-15 21:54:06.105,17.1,22.3
2025-03-15 21:54:06.206,9.5,22.3
2025-03-15 21:54:06.306,10.8,22.3
2025-03-15 21:54:06.407,9.5,22.3
2025-03-15 21:54:06.507,9.5,22.3
2025-03-15 21:54:06.608,11.4,22.3
2025-03-15 21:54:06.708,16.5,22.3
2025-03-15 21:54:06.809,15.2,22.3
2025-03-15 21:54:06.909,22.4,22.3
2025-03-15 21:54:07.009,23.2,22.3
2025-03-15 21:54:07.110,18.3,22.3
2025-03-15 21:54:07.211,10.9,22.3
2025-03-15 21:54:07.311,10.3,22.3
2025-03-15 21:54:07.412,14.3,22.3
2025-03-15 21:54:07.512,20.1,22.3
2025-03-15 21:54:07.613,25.4,22.3
2025-03-15 21:54:07.713,24.4,22.3
2025-03-15 21:54:07.814,22.0,22.3
2025-03-15 21:54:07.915,21.9,22.3
2025-03-15 21:54:08.015,21.0,22.3
2025-03-15 21:54:08.116,7.5,22.3
2025-03-15 21:54:08.217,25.8,22.3
2025-03-15 21:54:08.317,16.7,22.3
2025-03-15 21:54:08.418,9.8,22.3
2025-03-15 21:54:08.519,6.6,22.3
2025-03-15 21:54:08.619,23.5,22.3
2025-03-15 21:54:08.720,27.6,22.3
2025-03-15 21:54:08.821,15.3,22.3
2025-03-15 21:54:08.922,7.2,22.3
2025-03-15 21:54:09.022,8.5,22.3
2025-03-15 21:54:09.123,9.0,22.3
2025-03-15 21:54:09.224,31.4,22.3
2025-03-15 21:54:09.324,21.7,22.3
2025-03-15 21:54:09.425,12.3,22.3
2025-03-15 21:54:09.526,7.9,22.3
2025-03-15 21:54:09.627,7.1,22.3
2025-03-15 21:54:09.727,7.0,22.3
2025-03-15 21:54:09.828,14.5,22.3
2025-03-15 21:54:09.929,24.6,22.3
2025-03-15 21:54:10.029,14.9,22.3
2025-03-15 21:54:10.130,12.0,22.3
2025-03-15 21:54:10.231,7.1,22.3
2025-03-15 21:54:10.331,8.3,22.3
2025-03-15 21:54:10.432,20.5,22.3
2025-03-15 21:54:10.533,25.4,22.3
2025-03-15 21:54:10.634,15.5,22.3
2025-03-15 21:54:10.734,7.7,22.3
2025-03-15 21:54:10.835,7.7,22.3
2025-03-15 21:54:10.936,9.8,22.3
2025-03-15 21:54:11.036,9.5,22.3
2025-03-15 21:54:11.137,29.6,22.3
2025-03-15 21:54:11.237,21.4,22.3
2025-03-15 21:54:11.338,11.5,22.3
2025-03-15 21:54:11.439,9.2,22.3
2025-03-15 21:54:11.540,26.8,22.3
2025-03-15 21:54:11.640,33.2,22.3
2025-03-15 21:54:11.741,17.9,22.3
2025-03-15 21:54:11.842,7.6,22.3
2025-03-15 21:54:11.942,8.4,22.3
2025-03-15 21:54:12.043,10.8,22.3
2025-03-15 21:54:12.144,30.2,22.3
2025-03-15 21:54:12.245,26.1,22.3
2025-03-15 21:54:12.346,12.8,22.3
2025-03-15 21:54:12.446,5.0,22.3
2025-03-15 21:54:12.547,6.4,22.3
2025-03-15 21:54:12.648,10.2,22.3
2025-03-15 21:54:12.748,8.3,22.3
2025-03-15 21:54:12.849,29.6,22.3
2025-03-15 21:54:12.950,21.6,22.3
2025-03-15 21:54:13.051,14.5,22.3
2025-03-15 21:54:13.151,23.5,22.3
2025-03-15 21:54:13.252,24.6,22.3
2025-03-15 21:54:13.352,23.8,22.3
2025-03-15 21:54:13.453,15.8,22.3
2025-03-15 21:54:13.553,19.1,22.3
2025-03-15 21:54:13.654,10.1,22.3
2025-03-15 21:54:13.754,13.3,22.3
2025-03-15 21:54:13.855,14.1,22.3
2025-03-15 21:54:13.955,15.4,22.3
2025-03-15 21:54:14.055,13.1,22.3
2025-03-15 21:54:14.156,17.5,22.3
2025-03-15 21:54:14.256,21.1,22.3
2025-03-15 21:54:14.357,18.9,22.3
2025-03-15 21:54:14.457,8.9,22.3
2025-03-15 21:54:14.558,15.3,22.3
2025-03-15 21:54:14.658,12.2,22.3
2025-03-15 21:54:14.758,10.1,22.3
2025-03-15 21:54:14.859,11.3,22.3
2025-03-15 21:54:14.959,15.8,22.3
2025-03-15 21:54:15.060,15.0,22.3
2025-03-15 21:54:15.161,5.0,22.3
2025-03-15 21:54:15.262,25.7,22.3
2025-03-15 21:54:15.362,25.8,22.3
2025-03-15 21:54:15.463,10.3,22.3
2025-03-15 21:54:15.564,15.9,22.3
2025-03-15 21:54:15.665,7.7,22.3
2025-03-15 21:54:15.765,13.6,22.3
2025-03-15 21:54:15.866,18.2,22.3
2025-03-15 21:54:15.966,27.8,22.3
2025-03-15 21:54:16.067,16.9,22.3
2025-03-15 21:54:16.168,6.5,22.3
2025-03-15 21:54:16.268,9.1,22.3
2025-03-15 21:54:16.369,16.4,22.3
2025-03-15 21:54:16.470,29.7,22.3
2025-03-15 21:54:16.570,24.3,22.3
2025-03-15 21:54:16.671,11.9,22.3
2025-03-15 21:54:16.772,6.4,22.3
2025-03-15 21:54:16.872,7.7,22.3
2025-03-15 21:54:16.973,15.1,22.3
2025-03-15 21:54:17.075,28.0,22.3
2025-03-15 21:54:17.175,16.7,22.3
2025-03-15 21:54:17.276,10.3,22.3
2025-03-15 21:54:17.377,7.1,22.3
2025-03-15 21:54:17.478,9.2,22.3
2025-03-15 21:54:17.578,21.9,22.3
2025-03-15 21:54:17.679,29.9,22.3
2025-03-15 21:54:17.780,17.1,22.3
2025-03-15 21:54:17.880,5.1,22.3
2025-03-15 21:54:17.981,6.3,22.3
2025-03-15 21:54:18.081,10.3,22.3
2025-03-15 21:54:18.182,8.3,22.3
2025-03-15 21:54:18.283,21.2,22.3
2025-03-15 21:54:18.384,22.7,22.3
2025-03-15 21:54:18.485,11.0,22.3
2025-03-15 21:54:18.585,7.1,22.3
2025-03-15 21:54:18.686,7.2,22.3
2025-03-15 21:54:18.786,10.8,22.3
2025-03-15 21:54:18.887,10.8,22.3
2025-03-15 21:54:18.988,21.4,22.3
2025-03-15 21:54:19.088,23.2,22.3
2025-03-15 21:54:19.189,12.1,22.3
2025-03-15 21:54:19.289,7.0,22.3
2025-03-15 21:54:19.390,11.6,22.3
2025-03-15 21:54:19.491,26.0,22.3
2025-03-15 21:54:19.592,28.6,22.3
2025-03-15 21:54:19.692,19.3,22.3
2025-03-15 21:54:19.793,18.8,22.3
2025-03-15 21:54:19.894,18.9,22.3
2025-03-15 21:54:19.995,26.6,22.3
2025-03-15 21:54:20.096,19.1,22.3
2025-03-15 21:54:20.196,11.8,22.3
2025-03-15 21:54:20.297,10.8,22.3
2025-03-15 21:54:20.398,11.4,22.3
2025-03-15 21:54:20.498,17.6,22.3
2025-03-15 21:54:20.599,14.2,22.3
2025-03-15 21:54:20.700,22.0,22.3
2025-03-15 21:54:20.800,14.0,22.3
2025-03-15 21:54:20.901,9.0,22.3
2025-03-15 21:54:21.002,8.9,22.3
2025-03-15 21:54:21.102,8.8,22.3
2025-03-15 21:54:21.203,8.2,22.3
2025-03-15 21:54:21.304,11.4,22.3
2025-03-15 21:54:21.404,22.4,22.3
2025-03-15 21:54:21.505,22.2,22.3
2025-03-15 21:54:21.605,21.2,22.3
2025-03-15 21:54:21.706,20.9,22.3
2025-03-15 21:54:21.807,22.5,22.3
2025-03-15 21:54:21.907,14.1,22.3
2025-03-15 21:54:22.008,11.0,22.3
2025-03-15 21:54:22.109,10.9,22.3
2025-03-15 21:54:22.209,13.7,22.3
2025-03-15 21:54:22.310,16.5,22.3
2025-03-15 21:54:22.411,23.4,22.3
2025-03-15 21:54:22.511,24.0,22.3
2025-03-15 21:54:22.612,15.8,22.3
2025-03-15 21:54:22.713,10.9,22.3
2025-03-15 21:54:22.813,8.8,22.3
2025-03-15 21:54:22.914,9.5,22.3
2025-03-15 21:54:23.014,9.0,22.3
2025-03-15 21:54:23.115,12.2,22.3
2025-03-15 21:54:23.216,10.7,22.3
2025-03-15 21:54:23.317,14.6,22.3
2025-03-15 21:54:23.417,19.5,22.3
2025-03-15 21:54:23.518,16.6,22.3
2025-03-15 21:54:23.619,6.9,22.3
2025-03-15 21:54:23.719,8.9,22.3
2025-03-15 21:54:23.820,8.3,22.3
2025-03-15 21:54:23.920,9.6,22.3
2025-03-15 21:54:24.021,8.9,22.3
2025-03-15 21:54:24.122,16.5,22.3
2025-03-15 21:54:24.222,22.4,22.3
2025-03-15 21:54:24.323,22.8,22.3
2025-03-15 21:54:24.424,18.1,22.3
2025-03-15 21:54:24.525,20.4,22.3
2025-03-15 21:54:24.626,15.0,22.3
2025-03-15 21:54:24.727,8.8,22.3
2025-03-15 21:54:24.828,23.8,22.3
2025-03-15 21:54:24.928,23.2,22.3
2025-03-15 21:54:25.029,6.4,22.3
2025-03-15 21:54:25.130,7.8,22.3
2025-03-15 21:54:25.231,7.6,22.3
2025-03-15 21:54:25.331,9.5,22.3
2025-03-15 21:54:25.431,8.9,22.3
2025-03-15 21:54:25.532,8.3,22.3
2025-03-15 21:54:25.633,12.7,22.3
2025-03-15 21:54:25.733,8.3,22.3
2025-03-15 21:54:25.834,20.2,22.3
2025-03-15 21:54:25.935,20.5,22.3
2025-03-15 21:54:26.035,24.4,22.3
2025-03-15 21:54:26.136,29.3,22.3
2025-03-15 21:54:26.236,6.4,22.3
2025-03-15 21:54:26.337,21.0,22.3
2025-03-15 21:54:26.438,20.9,22.3
2025-03-15 21:54:26.538,12.2,22.3
2025-03-15 21:54:26.639,7.1,22.3
2025-03-15 21:54:26.739,8.4,22.3
2025-03-15 21:54:26.840,22.6,22.3
2025-03-15 21:54:26.941,24.7,22.3
2025-03-15 21:54:27.041,27.0,22.3
2025-03-15 21:54:27.142,8.6,22.3
2025-03-15 21:54:27.243,9.2,22.3
2025-03-15 21:54:27.344,5.1,22.3
2025-03-15 21:54:27.444,10.8,22.3
2025-03-15 21:54:27.545,22.6,22.3
2025-03-15 21:54:27.645,20.7,22.3
2025-03-15 21:54:27.746,5.7,22.3
2025-03-15 21:54:27.846,7.7,22.3
2025-03-15 21:54:27.947,11.6,22.3
2025-03-15 21:54:28.048,18.5,22.3
2025-03-15 21:54:28.149,25.8,22.3
2025-03-15 21:54:28.249,11.6,22.3
2025-03-15 21:54:28.350,7.1,22.3
2025-03-15 21:54:28.451,6.5,22.3
2025-03-15 21:54:28.552,13.4,22.3
2025-03-15 21:54:28.652,29.5,22.3
2025-03-15 21:54:28.753,29.0,22.3
2025-03-15 21:54:28.854,9.7,22.3
2025-03-15 21:54:28.954,7.1,22.3
2025-03-15 21:54:29.055,5.0,22.3
2025-03-15 21:54:29.156,6.4,22.3
2025-03-15 21:54:29.257,22.0,22.3
2025-03-15 21:54:29.357,29.7,22.3
2025-03-15 21:54:29.458,11.0,22.3
2025-03-15 21:54:29.559,4.4,22.3
2025-03-15 21:54:29.660,5.8,22.3
2025-03-15 21:54:29.760,8.3,22.3
2025-03-15 21:54:29.861,11.3,22.3
2025-03-15 21:54:29.961,26.6,22.3
2025-03-15 21:54:30.062,27.2,22.3
2025-03-15 21:54:30.163,17.6,22.3
2025-03-15 21:54:30.263,6.4,22.3
2025-03-15 21:54:30.364,5.8,22.3
2025-03-15 21:54:30.464,24.1,22.3
2025-03-15 21:54:30.565,23.1,22.3
2025-03-15 21:54:30.666,19.6,22.3
2025-03-15 21:54:30.767,21.7,22.3
2025-03-15 21:54:30.867,9.7,22.3
2025-03-15 21:54:30.968,9.8,22.3
2025-03-15 21:54:31.068,22.7,22.3
2025-03-15 21:54:31.169,28.8,22.3
2025-03-15 21:54:31.270,12.7,22.3
2025-03-15 21:54:31.371,5.8,22.3
2025-03-15 21:54:31.472,5.8,22.3
2025-03-15 21:54:31.572,7.0,22.3
2025-03-15 21:54:31.673,15.5,22.3
2025-03-15 21:54:31.774,28.9,22.3
2025-03-15 21:54:31.874,13.7,22.3
2025-03-15 21:54:31.975,8.4,22.3
2025-03-15 21:54:32.076,7.1,22.3
2025-03-15 21:54:32.177,10.5,22.3
2025-03-15 21:54:32.277,24.7,22.3
2025-03-15 21:54:32.378,15.5,22.3
2025-03-15 21:54:32.478,9.6,22.3
2025-03-15 21:54:32.579,11.3,22.3
2025-03-15 21:54:32.679,12.8,22.3
2025-03-15 21:54:32.779,21.0,22.3
2025-03-15 21:54:32.880,27.5,22.3
2025-03-15 21:54:32.980,16.5,22.3
2025-03-15 21:54:33.081,21.0,22.3
2025-03-15 21:54:33.181,17.7,22.3
2025-03-15 21:54:33.281,11.9,22.3
2025-03-15 21:54:33.382,12.1,22.3
2025-03-15 21:54:33.482,11.5,22.3
2025-03-15 21:54:33.583,9.5,22.3
2025-03-15 21:54:33.683,18.4,22.3
2025-03-15 21:54:33.783,21.4,22.3
2025-03-15 21:54:33.884,17.8,22.3
2025-03-15 21:54:33.984,10.1,22.3
2025-03-15 21:54:34.084,8.9,22.3
2025-03-15 21:54:34.185,12.5,22.3
2025-03-15 21:54:34.285,18.2,22.3
2025-03-15 21:54:34.386,12.5,22.3
2025-03-15 21:54:34.486,15.4,22.3
2025-03-15 21:54:34.587,19.0,22.3
2025-03-15 21:54:34.687,17.7,22.3
2025-03-15 21:54:34.787,10.8,22.3
2025-03-15 21:54:34.888,10.1,22.3
2025-03-15 21:54:34.988,10.7,22.3
2025-03-15 21:54:35.089,12.8,22.3
2025-03-15 21:54:35.189,11.3,22.3
2025-03-15 21:54:35.290,12.6,22.3
2025-03-15 21:54:35.390,11.3,22.3
2025-03-15 21:54:35.491,16.0,22.3
2025-03-15 21:54:35.591,21.0,22.3
2025-03-15 21:54:35.691,17.3,22.3
2025-03-15 21:54:35.792,13.0,22.3
2025-03-15 21:54:35.892,9.6,22.3
2025-03-15 21:54:35.993,7.6,22.3
2025-03-15 21:54:36.093,8.4,22.3
2025-03-15 21:54:36.193,8.9,22.3
2025-03-15 21:54:36.294,17.6,22.3
2025-03-15 21:54:36.394,21.0,22.3
2025-03-15 21:54:36.495,18.7,22.3
2025-03-15 21:54:36.595,8.5,22.3
2025-03-15 21:54:36.696,7.7,22.3
2025-03-15 21:54:36.797,26.0,22.3
2025-03-15 21:54:36.897,28.2,22.3
2025-03-15 21:54:36.998,12.7,22.3
2025-03-15 21:54:37.099,9.1,22.3
2025-03-15 21:54:37.200,11.0,22.3
2025-03-15 21:54:37.300,13.7,22.3
2025-03-15 21:54:37.401,21.9,22.3
2025-03-15 21:54:37.501,23.7,22.3
2025-03-15 21:54:37.602,10.3,22.3
2025-03-15 21:54:37.703,8.5,22.3
2025-03-15 21:54:37.803,12.2,22.3
2025-03-15 21:54:37.904,23.5,22.3
2025-03-15 21:54:38.005,26.5,22.3
2025-03-15 21:54:38.105,24.4,22.3
2025-03-15 21:54:38.206,18.4,22.3
2025-03-15 21:54:38.307,27.8,22.3
2025-03-15 21:54:38.407,14.7,22.3
2025-03-15 21:54:38.508,10.4,22.3
2025-03-15 21:54:38.608,11.5,22.3
2025-03-15 21:54:38.709,7.0,22.3
2025-03-15 21:54:38.809,11.6,22.3
2025-03-15 21:54:38.910,14.3,22.3
2025-03-15 21:54:39.010,10.8,22.3
2025-03-15 21:54:39.111,17.7,22.3
2025-03-15 21:54:39.211,13.8,22.3
2025-03-15 21:54:39.312,7.2,22.3
2025-03-15 21:54:39.413,21.0,22.3
2025-03-15 21:54:39.513,28.0,22.3
2025-03-15 21:54:39.613,22.5,22.3
2025-03-15 21:54:39.714,9.2,22.3
2025-03-15 21:54:39.815,5.1,22.3
2025-03-15 21:54:39.915,10.3,22.3
2025-03-15 21:54:40.016,9.5,22.3
2025-03-15 21:54:40.117,15.5,22.3
2025-03-15 21:54:40.217,21.7,22.3
2025-03-15 21:54:40.318,7.1,22.3
2025-03-15 21:54:40.419,5.8,22.3
2025-03-15 21:54:40.519,5.8,22.3
2025-03-15 21:54:40.620,15.5,22.3
2025-03-15 21:54:40.721,27.5,22.3
2025-03-15 21:54:40.822,22.8,22.3
2025-03-15 21:54:40.923,6.5,22.3
2025-03-15 21:54:41.024,8.3,22.3
2025-03-15 21:54:41.124,18.6,22.3
2025-03-15 21:54:41.225,21.6,22.3
2025-03-15 21:54:41.326,28.8,22.3
2025-03-15 21:54:41.427,10.3,22.3
2025-03-15 21:54:41.527,6.3,22.3
2025-03-15 21:54:41.628,6.4,22.3
2025-03-15 21:54:41.728,7.8,22.3
2025-03-15 21:54:41.829,11.6,22.3
2025-03-15 21:54:41.930,19.9,22.3
2025-03-15 21:54:42.031,26.1,22.3
2025-03-15 21:54:42.131,11.0,22.3
2025-03-15 21:54:42.231,7.0,22.3
2025-03-15 21:54:42.332,5.7,22.3
2025-03-15 21:54:42.433,10.1,22.3
2025-03-15 21:54:42.533,30.7,22.3
2025-03-15 21:54:42.634,18.6,22.3
2025-03-15 21:54:42.735,7.8,22.3
2025-03-15 21:54:42.835,7.8,22.3
2025-03-15 21:54:42.936,19.4,22.3
2025-03-15 21:54:43.036,20.0,22.3
2025-03-15 21:54:43.137,27.1,22.3
2025-03-15 21:54:43.238,12.8,22.3
2025-03-15 21:54:43.339,7.2,22.3
2025-03-15 21:54:43.440,9.0,22.3
2025-03-15 21:54:43.540,22.6,22.3
2025-03-15 21:54:43.641,24.6,22.3
2025-03-15 21:54:43.742,22.9,22.3
2025-03-15 21:54:43.842,13.7,22.3
2025-03-15 21:54:43.943,7.1,22.3
2025-03-15 21:54:44.044,6.5,22.3
2025-03-15 21:54:44.145,8.5,22.3
2025-03-15 21:54:44.246,11.9,22.3
2025-03-15 21:54:44.346,26.1,22.3
2025-03-15 21:54:44.447,11.6,22.3
2025-03-15 21:54:44.548,5.0,22.3
2025-03-15 21:54:44.648,7.9,22.2
2025-03-15 21:54:44.749,7.6,22.2
2025-03-15 21:54:44.850,27.8,22.2
2025-03-15 21:54:44.951,23.4,22.2
2025-03-15 21:54:45.052,17.8,22.2
2025-03-15 21:54:45.152,15.3,22.2
2025-03-15 21:54:45.253,23.1,22.2
2025-03-15 21:54:45.354,26.0,22.3
2025-03-15 21:54:45.455,14.3,22.3
2025-03-15 21:54:45.555,10.3,22.3
2025-03-15 21:54:45.656,10.3,22.3
2025-03-15 21:54:45.756,18.8,22.2
2025-03-15 21:54:45.857,16.8,22.3
2025-03-15 21:54:45.958,5.8,22.3
2025-03-15 21:54:46.059,9.2,22.3
2025-03-15 21:54:46.160,14.8,22.3
2025-03-15 21:54:46.260,22.6,22.2
2025-03-15 21:54:46.361,23.5,22.2
2025-03-15 21:54:46.461,12.5,22.2
2025-03-15 21:54:46.562,6.5,22.2
2025-03-15 21:54:46.663,6.4,22.2
2025-03-15 21:54:46.764,7.7,22.2
2025-03-15 21:54:46.864,10.3,22.2
2025-03-15 21:54:46.965,24.1,22.2
2025-03-15 21:54:47.066,14.8,22.2
2025-03-15 21:54:47.166,6.4,22.2
2025-03-15 21:54:47.267,7.0,22.2
2025-03-15 21:54:47.368,7.7,22.2
2025-03-15 21:54:47.468,17.2,22.2
2025-03-15 21:54:47.569,22.5,22.2
2025-03-15 21:54:47.670,15.5,22.2
2025-03-15 21:54:47.771,7.1,22.2
2025-03-15 21:54:47.871,7.7,22.2
2025-03-15 21:54:47.972,7.7,22.2
2025-03-15 21:54:48.073,31.6,22.2
2025-03-15 21:54:48.174,20.7,22.2
2025-03-15 21:54:48.274,12.1,22.2
2025-03-15 21:54:48.375,10.3,22.2
2025-03-15 21:54:48.476,10.9,22.2
2025-03-15 21:54:48.576,21.2,22.2
2025-03-15 21:54:48.677,28.3,22.2
2025-03-15 21:54:48.778,23.1,22.2
2025-03-15 21:54:48.878,9.7,22.2
2025-03-15 21:54:48.979,7.1,22.2
2025-03-15 21:54:49.079,8.5,22.2
2025-03-15 21:54:49.180,19.1,22.2
2025-03-15 21:54:49.280,27.2,22.2
2025-03-15 21:54:49.381,25.6,22.2
2025-03-15 21:54:49.482,11.0,22.2
2025-03-15 21:54:49.583,5.8,22.2
2025-03-15 21:54:49.683,28.2,22.2
2025-03-15 21:54:49.784,27.5,22.2
2025-03-15 21:54:49.884,20.4,22.2
2025-03-15 21:54:49.985,8.3,22.2
2025-03-15 21:54:50.086,6.4,22.2
2025-03-15 21:54:50.187,5.7,22.2
2025-03-15 21:54:50.288,5.0,22.2
2025-03-15 21:54:50.388,9.1,22.2
2025-03-15 21:54:50.489,27.2,22.2
2025-03-15 21:54:50.590,26.4,22.2
2025-03-15 21:54:50.690,16.6,22.2
2025-03-15 21:54:50.791,10.3,22.2
2025-03-15 21:54:50.892,7.2,22.2
2025-03-15 21:54:50.992,10.4,22.2
2025-03-15 21:54:51.093,29.0,22.2
2025-03-15 21:54:51.194,23.1,22.2
2025-03-15 21:54:51.295,8.5,22.2
2025-03-15 21:54:51.395,5.8,22.2
2025-03-15 21:54:51.496,8.5,22.2
2025-03-15 21:54:51.597,12.7,22.2
2025-03-15 21:54:51.698,12.8,22.2
2025-03-15 21:54:51.798,24.9,22.2
2025-03-15 21:54:51.899,10.7,22.2
2025-03-15 21:54:52.000,7.0,22.2
2025-03-15 21:54:52.100,5.0,22.2
2025-03-15 21:54:52.201,7.6,22.2
2025-03-15 21:54:52.302,25.0,22.2
2025-03-15 21:54:52.402,26.8,22.2
2025-03-15 21:54:52.503,7.7,22.2
2025-03-15 21:54:52.604,7.0,22.2
2025-03-15 21:54:52.704,5.0,22.2
2025-03-15 21:54:52.805,5.0,22.2
2025-03-15 21:54:52.906,12.8,22.2
2025-03-15 21:54:53.007,25.4,22.2
2025-03-15 21:54:53.108,17.7,22.2
2025-03-15 21:54:53.208,9.1,22.2
2025-03-15 21:54:53.309,14.0,22.2
2025-03-15 21:54:53.410,6.4,22.2
2025-03-15 21:54:53.511,13.1,22.2
2025-03-15 21:54:53.612,24.7,22.2
2025-03-15 21:54:53.713,25.6,22.2
2025-03-15 21:54:53.813,16.0,22.2
2025-03-15 21:54:53.914,7.8,22.2
2025-03-15 21:54:54.015,15.3,22.2
2025-03-15 21:54:54.115,17.1,22.2
2025-03-15 21:54:54.216,26.9,22.2
2025-03-15 21:54:54.317,11.5,22.2
2025-03-15 21:54:54.418,9.0,22.2
2025-03-15 21:54:54.518,7.8,22.2
2025-03-15 21:54:54.619,9.7,22.2
2025-03-15 21:54:54.720,27.1,22.2
2025-03-15 21:54:54.820,30.2,22.2
2025-03-15 21:54:54.921,21.9,22.2
2025-03-15 21:54:55.022,9.2,22.2
2025-03-15 21:54:55.122,12.7,22.2
2025-03-15 21:54:55.223,24.3,22.2
2025-03-15 21:54:55.324,29.6,22.2
2025-03-15 21:54:55.424,27.2,22.2
2025-03-15 21:54:55.525,12.8,22.2
2025-03-15 21:54:55.626,7.8,22.2
2025-03-15 21:54:55.727,5.7,22.2
2025-03-15 21:54:55.827,9.1,22.2
2025-03-15 21:54:55.927,21.2,22.2
2025-03-15 21:54:56.028,22.8,22.2
2025-03-15 21:54:56.129,9.0,22.2
2025-03-15 21:54:56.229,5.7,22.2
2025-03-15 21:54:56.330,7.7,22.2
2025-03-15 21:54:56.431,18.4,22.2
2025-03-15 21:54:56.531,20.5,22.2
2025-03-15 21:54:56.632,21.8,22.2
2025-03-15 21:54:56.732,11.6,22.2
2025-03-15 21:54:56.833,10.2,22.2
2025-03-15 21:54:56.934,7.8,22.2
2025-03-15 21:54:57.035,15.0,22.2
2025-03-15 21:54:57.136,23.5,22.2
2025-03-15 21:54:57.237,24.0,22.2
2025-03-15 21:54:57.337,18.0,22.2
2025-03-15 21:54:57.438,6.4,22.2
2025-03-15 21:54:57.539,5.8,22.2
2025-03-15 21:54:57.639,15.8,22.2
2025-03-15 21:54:57.740,33.0,22.2
2025-03-15 21:54:57.841,29.3,22.2
2025-03-15 21:54:57.941,17.1,22.2
2025-03-15 21:54:58.042,7.0,22.2
2025-03-15 21:54:58.143,5.8,22.2
2025-03-15 21:54:58.243,20.0,22.2
2025-03-15 21:54:58.344,28.8,22.2
2025-03-15 21:54:58.445,30.1,22.2
2025-03-15 21:54:58.546,18.7,22.2
2025-03-15 21:54:58.646,11.0,22.2
2025-03-15 21:54:58.747,6.4,22.2
2025-03-15 21:54:58.848,8.9,22.2
2025-03-15 21:54:58.948,18.1,22.2
2025-03-15 21:54:59.049,26.0,22.2
2025-03-15 21:54:59.150,27.0,22.2
2025-03-15 21:54:59.251,7.7,22.2
2025-03-15 21:54:59.351,5.0,22.2
2025-03-15 21:54:59.452,10.8,22.2
2025-03-15 21:54:59.553,13.4,22.2
2025-03-15 21:54:59.653,22.0,22.2
2025-03-15 21:54:59.754,12.0,22.2
2025-03-15 21:54:59.855,7.1,22.2
2025-03-15 21:54:59.955,6.4,22.2
2025-03-15 21:55:00.056,7.1,22.2
2025-03-15 21:55:00.156,12.2,22.2
2025-03-15 21:55:00.257,28.1,22.2
2025-03-15 21:55:00.357,12.2,22.2
2025-03-15 21:55:00.458,8.5,22.2
2025-03-15 21:55:00.558,7.6,22.2
2025-03-15 21:55:00.659,8.9,22.2
2025-03-15 21:55:00.760,7.1,22.2
2025-03-15 21:55:00.860,16.9,22.2
2025-03-15 21:55:00.961,23.8,22.2
2025-03-15 21:55:01.062,18.8,22.2
2025-03-15 21:55:01.162,20.5,22.2
2025-03-15 21:55:01.263,21.9,22.2
2025-03-15 21:55:01.363,17.4,22.2
2025-03-15 21:55:01.463,12.0,22.2
2025-03-15 21:55:01.564,8.3,22.2
2025-03-15 21:55:01.664,8.9,22.2
2025-03-15 21:55:01.765,19.3,22.2
2025-03-15 21:55:01.865,10.9,22.2
2025-03-15 21:55:01.966,12.8,22.2
2025-03-15 21:55:02.066,24.1,22.2
2025-03-15 21:55:02.167,16.0,22.2
2025-03-15 21:55:02.267,25.3,22.2
2025-03-15 21:55:02.368,24.1,22.2
2025-03-15 21:55:02.469,9.1,22.2
2025-03-15 21:55:02.569,7.7,22.2
2025-03-15 21:55:02.670,10.4,22.2
2025-03-15 21:55:02.771,13.1,22.2
2025-03-15 21:55:02.872,21.8,22.2
2025-03-15 21:55:02.972,28.6,22.2
2025-03-15 21:55:03.073,20.1,22.2
2025-03-15 21:55:03.174,8.3,22.2
2025-03-15 21:55:03.275,9.7,22.2
2025-03-15 21:55:03.375,21.1,22.2
2025-03-15 21:55:03.476,24.0,22.2
2025-03-15 21:55:03.576,22.0,22.2
2025-03-15 21:55:03.677,21.4,22.2
2025-03-15 21:55:03.778,5.8,22.2
2025-03-15 21:55:03.879,6.4,22.2
2025-03-15 21:55:03.979,17.4,22.2
2025-03-15 21:55:04.080,32.8,22.2
2025-03-15 21:55:04.181,26.8,22.2
2025-03-15 21:55:04.281,17.8,22.2
2025-03-15 21:55:04.382,8.4,22.2
2025-03-15 21:55:04.483,9.6,22.2
2025-03-15 21:55:04.583,16.0,22.2
2025-03-15 21:55:04.684,30.9,22.2
2025-03-15 21:55:04.785,20.9,22.2
2025-03-15 21:55:04.885,15.0,22.2
2025-03-15 21:55:04.986,6.4,22.2
2025-03-15 21:55:05.087,7.7,22.2
2025-03-15 21:55:05.188,14.0,22.2
2025-03-15 21:55:05.288,23.8,22.2
2025-03-15 21:55:05.389,19.4,22.2
2025-03-15 21:55:05.490,10.3,22.2
2025-03-15 21:55:05.590,10.9,22.2
2025-03-15 21:55:05.691,4.3,22.2
2025-03-15 21:55:05.792,12.2,22.2
2025-03-15 21:55:05.892,29.9,22.2
2025-03-15 21:55:05.993,32.3,22.2
2025-03-15 21:55:06.094,22.4,22.2
2025-03-15 21:55:06.195,5.8,22.2
2025-03-15 21:55:06.295,8.5,22.2
2025-03-15 21:55:06.396,14.5,22.2
2025-03-15 21:55:06.497,16.9,22.2
2025-03-15 21:55:06.597,13.2,22.2
2025-03-15 21:55:06.698,23.7,22.2
2025-03-15 21:55:06.799,9.0,22.2
2025-03-15 21:55:06.900,8.4,22.2
2025-03-15 21:55:07.000,8.5,22.2
2025-03-15 21:55:07.101,10.8,22.2
2025-03-15 21:55:07.201,15.7,22.2
2025-03-15 21:55:07.302,23.3,22.2
2025-03-15 21:55:07.403,11.5,22.2
2025-03-15 21:55:07.504,6.4,22.2
2025-03-15 21:55:07.604,7.7,22.2
2025-03-15 21:55:07.705,18.2,22.2
2025-03-15 21:55:07.805,29.9,22.3
2025-03-15 21:55:07.906,20.0,22.3
2025-03-15 21:55:08.007,7.7,22.3
2025-03-15 21:55:08.108,15.2,22.3
2025-03-15 21:55:08.208,7.7,22.3
2025-03-15 21:55:08.309,19.5,22.3
2025-03-15 21:55:08.409,29.4,22.3
2025-03-15 21:55:08.510,28.8,22.2
2025-03-15 21:55:08.611,23.3,22.2
2025-03-15 21:55:08.712,5.8,22.2
2025-03-15 21:55:08.812,7.7,22.3
2025-03-15 21:55:08.913,10.8,22.3
2025-03-15 21:55:09.014,24.1,22.3
2025-03-15 21:55:09.114,32.8,22.3
2025-03-15 21:55:09.215,19.6,22.3
2025-03-15 21:55:09.316,8.5,22.3
2025-03-15 21:55:09.416,6.3,22.3
2025-03-15 21:55:09.517,20.5,22.3
2025-03-15 21:55:09.618,11.4,22.3
2025-03-15 21:55:09.718,28.1,22.3
2025-03-15 21:55:09.818,26.1,22.3
2025-03-15 21:55:09.919,9.0,22.3
2025-03-15 21:55:10.020,5.8,22.3
2025-03-15 21:55:10.121,10.9,22.3
2025-03-15 21:55:10.222,26.6,22.3
2025-03-15 21:55:10.322,18.2,22.3
2025-03-15 21:55:10.423,9.5,22.3
2025-03-15 21:55:10.524,9.5,22.3
2025-03-15 21:55:10.624,11.6,22.3
2025-03-15 21:55:10.725,9.6,22.2
2025-03-15 21:55:10.826,14.0,22.3
2025-03-15 21:55:10.926,26.4,22.3
2025-03-15 21:55:11.027,30.7,22.3
2025-03-15 21:55:11.127,7.9,22.3
2025-03-15 21:55:11.228,9.5,22.3
2025-03-15 21:55:11.329,17.7,22.3
2025-03-15 21:55:11.429,29.2,22.3
2025-03-15 21:55:11.530,24.9,22.3
2025-03-15 21:55:11.631,7.7,22.3
2025-03-15 21:55:11.731,7.1,22.3
2025-03-15 21:55:11.832,5.7,22.3
2025-03-15 21:55:11.932,19.4,22.3
2025-03-15 21:55:12.033,26.0,22.3
2025-03-15 21:55:12.134,26.9,22.3
2025-03-15 21:55:12.234,9.1,22.3
2025-03-15 21:55:12.335,6.5,22.3
2025-03-15 21:55:12.436,7.2,22.3
2025-03-15 21:55:12.536,6.4,22.3
2025-03-15 21:55:12.637,29.5,22.3
2025-03-15 21:55:12.738,26.7,22.3
2025-03-15 21:55:12.838,20.6,22.3
2025-03-15 21:55:12.939,13.7,22.3
2025-03-15 21:55:13.040,7.1,22.3
2025-03-15 21:55:13.141,10.8,22.3
2025-03-15 21:55:13.241,9.7,22.3
2025-03-15 21:55:13.342,27.9,22.3
2025-03-15 21:55:13.442,28.5,22.3
2025-03-15 21:55:13.543,26.9,22.3
2025-03-15 21:55:13.644,10.2,22.3
2025-03-15 21:55:13.745,10.3,22.3
2025-03-15 21:55:13.845,28.6,22.3
2025-03-15 21:55:13.946,27.1,22.3
2025-03-15 21:55:14.046,8.5,22.3
2025-03-15 21:55:14.147,7.1,22.3
2025-03-15 21:55:14.248,12.8,22.3
2025-03-15 21:55:14.349,15.9,22.3
2025-03-15 21:55:14.449,13.7,22.3
2025-03-15 21:55:14.550,25.6,22.3
2025-03-15 21:55:14.650,23.2,22.3
2025-03-15 21:55:14.751,6.4,22.3
2025-03-15 21:55:14.852,5.1,22.3
2025-03-15 21:55:14.953,10.3,22.3
2025-03-15 21:55:15.053,7.1,22.3
2025-03-15 21:55:15.154,23.7,22.3
2025-03-15 21:55:15.255,24.0,22.3
2025-03-15 21:55:15.356,7.7,22.3
2025-03-15 21:55:15.456,5.0,22.3
2025-03-15 21:55:15.557,9.0,22.3
2025-03-15 21:55:15.658,12.2,22.3
2025-03-15 21:55:15.758,13.1,22.3
2025-03-15 21:55:15.859,30.1,22.3
2025-03-15 21:55:15.960,10.3,22.3
2025-03-15 21:55:16.060,7.1,22.2
2025-03-15 21:55:16.161,16.7,22.3
2025-03-15 21:55:16.261,28.3,22.2
2025-03-15 21:55:16.362,17.6,22.2
2025-03-15 21:55:16.463,12.7,22.2
2025-03-15 21:55:16.564,7.7,22.2
2025-03-15 21:55:16.664,6.4,22.2
2025-03-15 21:55:16.765,12.0,22.2
2025-03-15 21:55:16.865,31.9,22.2
2025-03-15 21:55:16.966,26.7,22.2
2025-03-15 21:55:17.067,12.8,22.2
2025-03-15 21:55:17.168,11.5,22.2
2025-03-15 21:55:17.268,7.8,22.2
2025-03-15 21:55:17.369,15.6,22.2
2025-03-15 21:55:17.470,24.3,22.2
2025-03-15 21:55:17.571,29.3,22.2
2025-03-15 21:55:17.671,24.9,22.2
2025-03-15 21:55:17.772,9.0,22.2
2025-03-15 21:55:17.873,6.4,22.2
2025-03-15 21:55:17.974,9.6,22.2
2025-03-15 21:55:18.074,12.6,22.2
2025-03-15 21:55:18.175,29.6,22.2
2025-03-15 21:55:18.276,28.6,22.2
2025-03-15 21:55:18.376,23.4,22.2
2025-03-15 21:55:18.477,6.5,22.2
2025-03-15 21:55:18.578,16.6,22.2
2025-03-15 21:55:18.678,26.4,22.2
2025-03-15 21:55:18.779,21.1,22.2
2025-03-15 21:55:18.879,24.0,22.2
2025-03-15 21:55:18.980,16.5,22.2
2025-03-15 21:55:19.081,7.7,22.2
2025-03-15 21:55:19.182,9.1,22.2
2025-03-15 21:55:19.282,12.1,22.2
2025-03-15 21:55:19.382,27.1,22.2
2025-03-15 21:55:19.483,8.5,22.2
2025-03-15 21:55:19.584,8.5,22.2
2025-03-15 21:55:19.685,5.7,22.2
2025-03-15 21:55:19.785,26.7,22.2
2025-03-15 21:55:19.886,29.0,22.2
2025-03-15 21:55:19.987,21.0,22.2
2025-03-15 21:55:20.087,12.0,22.2
2025-03-15 21:55:20.187,19.9,22.2
2025-03-15 21:55:20.288,8.3,22.2
2025-03-15 21:55:20.389,9.7,22.2
2025-03-15 21:55:20.490,11.0,22.2
2025-03-15 21:55:20.590,22.9,22.2
2025-03-15 21:55:20.691,20.6,22.2
2025-03-15 21:55:20.792,8.5,22.2
2025-03-15 21:55:20.892,4.4,22.2
2025-03-15 21:55:20.993,14.7,22.2
2025-03-15 21:55:21.093,23.8,22.2
2025-03-15 21:55:21.194,23.7,22.2
2025-03-15 21:55:21.294,18.2,22.2
2025-03-15 21:55:21.395,8.4,22.2
2025-03-15 21:55:21.496,7.1,22.2
2025-03-15 21:55:21.596,7.7,22.2
2025-03-15 21:55:21.697,15.5,22.2
2025-03-15 21:55:21.798,22.6,22.2
2025-03-15 21:55:21.898,19.9,22.2
2025-03-15 21:55:21.999,11.1,22.2
2025-03-15 21:55:22.099,17.5,22.2
2025-03-15 21:55:22.200,11.5,22.2
2025-03-15 21:55:22.301,22.0,22.2
2025-03-15 21:55:22.401,31.7,22.2
2025-03-15 21:55:22.502,29.7,22.2
2025-03-15 21:55:22.603,6.5,22.2
2025-03-15 21:55:22.703,14.0,22.2
2025-03-15 21:55:22.804,14.1,22.2
2025-03-15 21:55:22.905,13.5,22.3
2025-03-15 21:55:23.005,26.3,22.3
2025-03-15 21:55:23.106,31.4,22.3
2025-03-15 21:55:23.206,16.6,22.3
2025-03-15 21:55:23.307,7.8,22.3
2025-03-15 21:55:23.408,15.9,22.3
2025-03-15 21:55:23.508,14.3,22.3
2025-03-15 21:55:23.609,15.7,22.3
2025-03-15 21:55:23.709,34.0,22.3
2025-03-15 21:55:23.810,28.8,22.3
2025-03-15 21:55:23.911,12.8,22.3
2025-03-15 21:55:24.012,16.4,22.3
2025-03-15 21:55:24.112,24.8,22.3
2025-03-15 21:55:24.213,27.6,22.3
2025-03-15 21:55:24.314,25.3,22.3
2025-03-15 21:55:24.414,20.6,22.3
2025-03-15 21:55:24.515,10.5,22.3
2025-03-15 21:55:24.616,8.5,22.3
2025-03-15 21:55:24.716,10.3,22.3
2025-03-15 21:55:24.817,20.6,22.3
2025-03-15 21:55:24.918,32.1,22.3
2025-03-15 21:55:25.019,24.9,22.3
2025-03-15 21:55:25.119,11.5,22.3
2025-03-15 21:55:25.220,7.0,22.3
2025-03-15 21:55:25.321,5.6,22.3
2025-03-15 21:55:25.421,20.7,22.3
2025-03-15 21:55:25.522,26.8,22.3
2025-03-15 21:55:25.623,13.8,22.3
2025-03-15 21:55:25.723,9.0,22.3
2025-03-15 21:55:25.824,6.4,22.3
2025-03-15 21:55:25.925,17.3,22.3
2025-03-15 21:55:26.025,12.7,22.3
2025-03-15 21:55:26.126,29.9,22.3
2025-03-15 21:55:26.227,27.7,22.3
2025-03-15 21:55:26.327,19.2,22.3
2025-03-15 21:55:26.428,8.3,22.3
2025-03-15 21:55:26.528,14.7,22.3
2025-03-15 21:55:26.629,12.7,22.3
2025-03-15 21:55:26.729,26.2,22.3
2025-03-15 21:55:26.830,31.0,22.3
2025-03-15 21:55:26.931,13.4,22.3
2025-03-15 21:55:27.032,9.2,22.3
2025-03-15 21:55:27.132,9.4,22.3
2025-03-15 21:55:27.232,14.3,22.3
2025-03-15 21:55:27.333,24.9,22.3
2025-03-15 21:55:27.434,32.0,22.3
2025-03-15 21:55:27.535,25.4,22.3
2025-03-15 21:55:27.635,16.4,22.3
2025-03-15 21:55:27.736,10.3,22.3
2025-03-15 21:55:27.837,21.6,22.3
2025-03-15 21:55:27.937,22.4,22.3
2025-03-15 21:55:28.038,22.6,22.3
2025-03-15 21:55:28.139,23.2,22.3
2025-03-15 21:55:28.240,13.2,22.3
2025-03-15 21:55:28.341,8.5,22.3
2025-03-15 21:55:28.441,12.8,22.3
2025-03-15 21:55:28.541,23.8,22.3
2025-03-15 21:55:28.642,22.9,22.3
2025-03-15 21:55:28.743,6.5,22.3
2025-03-15 21:55:28.843,8.5,22.3
2025-03-15 21:55:28.944,7.2,22.3
2025-03-15 21:55:29.045,12.0,22.3
2025-03-15 21:55:29.146,20.1,22.3
2025-03-15 21:55:29.246,29.0,22.3
2025-03-15 21:55:29.347,14.9,22.3
2025-03-15 21:55:29.448,10.8,22.3
2025-03-15 21:55:29.548,9.0,22.3
2025-03-15 21:55:29.649,10.9,22.3
2025-03-15 21:55:29.749,17.5,22.3
2025-03-15 21:55:29.850,28.8,22.3
2025-03-15 21:55:29.951,7.0,22.3
2025-03-15 21:55:30.051,7.9,22.3
2025-03-15 21:55:30.152,5.7,22.3
2025-03-15 21:55:30.253,9.7,22.3
2025-03-15 21:55:30.353,24.3,22.3
2025-03-15 21:55:30.454,26.3,22.3
2025-03-15 21:55:30.554,21.6,22.3
2025-03-15 21:55:30.655,13.8,22.3
2025-03-15 21:55:30.756,8.5,22.3
2025-03-15 21:55:30.856,4.3,22.3
2025-03-15 21:55:30.957,11.5,22.3
2025-03-15 21:55:31.058,23.8,22.3
2025-03-15 21:55:31.158,24.3,22.3
2025-03-15 21:55:31.259,18.6,22.3
2025-03-15 21:55:31.360,7.1,22.3
2025-03-15 21:55:31.460,8.4,22.3
2025-03-15 21:55:31.561,9.6,22.3
2025-03-15 21:55:31.662,13.7,22.3
2025-03-15 21:55:31.763,26.4,22.3
2025-03-15 21:55:31.863,8.3,22.3
2025-03-15 21:55:31.963,12.2,22.3
2025-03-15 21:55:32.064,6.4,22.3
2025-03-15 21:55:32.165,27.5,22.3
2025-03-15 21:55:32.266,24.9,22.3
2025-03-15 21:55:32.366,13.3,22.3
2025-03-15 21:55:32.467,9.7,22.3
2025-03-15 21:55:32.567,8.5,22.3
2025-03-15 21:55:32.668,17.6,22.3
2025-03-15 21:55:32.768,28.4,22.3
2025-03-15 21:55:32.869,26.8,22.3
2025-03-15 21:55:32.970,22.7,22.3
2025-03-15 21:55:33.070,11.0,22.3
2025-03-15 21:55:33.171,7.8,22.3
2025-03-15 21:55:33.271,6.4,22.3
2025-03-15 21:55:33.372,6.3,22.3
2025-03-15 21:55:33.472,26.3,22.3
2025-03-15 21:55:33.573,21.8,22.3
2025-03-15 21:55:33.674,16.6,22.3
2025-03-15 21:55:33.775,6.5,22.3
2025-03-15 21:55:33.876,5.1,22.3
2025-03-15 21:55:33.976,9.7,22.3
2025-03-15 21:55:34.077,25.6,22.3
2025-03-15 21:55:34.177,26.7,22.3
2025-03-15 21:55:34.278,25.3,22.3
2025-03-15 21:55:34.378,11.5,22.3
2025-03-15 21:55:34.479,7.8,22.3
2025-03-15 21:55:34.579,8.5,22.3
2025-03-15 21:55:34.680,9.7,22.3
2025-03-15 21:55:34.781,26.3,22.3
2025-03-15 21:55:34.882,16.8,22.3
2025-03-15 21:55:34.982,8.8,22.3
2025-03-15 21:55:35.083,11.0,22.3
2025-03-15 21:55:35.184,15.4,22.3
2025-03-15 21:55:35.284,31.9,22.3
2025-03-15 21:55:35.385,17.3,22.3
2025-03-15 21:55:35.486,26.8,22.3
2025-03-15 21:55:35.586,9.0,22.3
2025-03-15 21:55:35.687,5.0,22.3
2025-03-15 21:55:35.788,7.7,22.3
2025-03-15 21:55:35.889,15.9,22.3
2025-03-15 21:55:35.989,26.8,22.3
2025-03-15 21:55:36.090,15.9,22.3
2025-03-15 21:55:36.191,7.1,22.3
2025-03-15 21:55:36.291,5.7,22.3
2025-03-15 21:55:36.392,8.4,22.3
2025-03-15 21:55:36.493,13.3,22.3
2025-03-15 21:55:36.594,28.6,22.3
2025-03-15 21:55:36.694,29.8,22.3
2025-03-15 21:55:36.795,8.3,22.3
2025-03-15 21:55:36.895,6.3,22.3
2025-03-15 21:55:36.996,6.4,22.3
2025-03-15 21:55:37.097,19.3,22.3
2025-03-15 21:55:37.197,32.5,22.3
2025-03-15 21:55:37.298,12.3,22.3
2025-03-15 21:55:37.398,7.6,22.3
2025-03-15 21:55:37.499,5.7,22.3
2025-03-15 21:55:37.600,12.9,22.3
2025-03-15 21:55:37.701,9.6,22.3
2025-03-15 21:55:37.802,31.6,22.3
2025-03-15 21:55:37.903,19.4,22.3
2025-03-15 21:55:38.003,5.8,22.3
2025-03-15 21:55:38.104,7.7,22.3
2025-03-15 21:55:38.204,15.0,22.3
2025-03-15 21:55:38.305,32.5,22.3
2025-03-15 21:55:38.406,32.5,22.3
2025-03-15 21:55:38.506,22.4,22.3
2025-03-15 21:55:38.607,13.3,22.3
2025-03-15 21:55:38.708,10.5,22.3
2025-03-15 21:55:38.808,7.1,22.3
2025-03-15 21:55:38.909,21.1,22.3
2025-03-15 21:55:39.009,31.8,22.3
2025-03-15 21:55:39.110,20.0,22.3
2025-03-15 21:55:39.211,7.2,22.3
2025-03-15 21:55:39.312,9.1,22.3
2025-03-15 21:55:39.412,11.6,22.3
2025-03-15 21:55:39.513,24.7,22.3
2025-03-15 21:55:39.613,32.2,22.3
2025-03-15 21:55:39.714,18.6,22.3
2025-03-15 21:55:39.815,14.6,22.3
2025-03-15 21:55:39.916,13.9,22.3
2025-03-15 21:55:40.017,12.1,22.3
2025-03-15 21:55:40.117,27.3,22.3
2025-03-15 21:55:40.217,27.0,22.3
2025-03-15 21:55:40.318,18.4,22.3
2025-03-15 21:55:40.419,8.6,22.3
2025-03-15 21:55:40.519,9.5,22.3
2025-03-15 21:55:40.620,17.6,22.3
2025-03-15 21:55:40.721,32.1,22.3
2025-03-15 21:55:40.821,32.3,22.3
2025-03-15 21:55:40.922,15.0,22.3
2025-03-15 21:55:41.022,12.3,22.3
2025-03-15 21:55:41.123,11.0,22.3
2025-03-15 21:55:41.224,11.6,22.3
2025-03-15 21:55:41.324,16.0,22.3
2025-03-15 21:55:41.424,23.8,22.3
2025-03-15 21:55:41.525,25.0,22.3
2025-03-15 21:55:41.626,9.2,22.3
2025-03-15 21:55:41.726,11.0,22.3
2025-03-15 21:55:41.827,18.3,22.3
2025-03-15 21:55:41.928,28.7,22.3
2025-03-15 21:55:42.028,26.3,22.3
2025-03-15 21:55:42.129,16.8,22.3
2025-03-15 21:55:42.229,11.1,22.3
2025-03-15 21:55:42.330,12.7,22.3
2025-03-15 21:55:42.431,7.2,22.3
2025-03-15 21:55:42.531,17.0,22.3
2025-03-15 21:55:42.632,29.8,22.3
2025-03-15 21:55:42.733,26.2,22.3
2025-03-15 21:55:42.833,15.9,22.3
2025-03-15 21:55:42.934,13.5,22.3
2025-03-15 21:55:43.034,8.3,22.3
2025-03-15 21:55:43.135,13.2,22.3
2025-03-15 21:55:43.235,27.9,22.3
2025-03-15 21:55:43.336,16.1,22.3
2025-03-15 21:55:43.437,8.3,22.3
2025-03-15 21:55:43.537,7.7,22.3
2025-03-15 21:55:43.638,9.7,22.3
2025-03-15 21:55:43.739,10.2,22.3
2025-03-15 21:55:43.839,18.6,22.3
2025-03-15 21:55:43.940,25.7,22.3
2025-03-15 21:55:44.041,7.1,22.3
2025-03-15 21:55:44.141,7.0,22.3
2025-03-15 21:55:44.242,6.5,22.3
2025-03-15 21:55:44.343,24.6,22.3
2025-03-15 21:55:44.443,27.5,22.3
2025-03-15 21:55:44.544,17.2,22.3
2025-03-15 21:55:44.645,8.9,22.3
2025-03-15 21:55:44.745,9.0,22.3
2025-03-15 21:55:44.846,9.1,22.3
2025-03-15 21:55:44.947,17.8,22.3
2025-03-15 21:55:45.047,24.7,22.3
2025-03-15 21:55:45.148,17.5,22.3
2025-03-15 21:55:45.249,8.5,22.3
2025-03-15 21:55:45.350,8.5,22.3
2025-03-15 21:55:45.450,8.5,22.3
2025-03-15 21:55:45.551,22.6,22.3
2025-03-15 21:55:45.652,22.2,22.3
2025-03-15 21:55:45.752,19.5,22.3
2025-03-15 21:55:45.853,7.8,22.3
2025-03-15 21:55:45.953,6.5,22.3
2025-03-15 21:55:46.054,21.2,22.3
2025-03-15 21:55:46.155,23.8,22.3
2025-03-15 21:55:46.255,14.4,22.3
2025-03-15 21:55:46.356,10.3,22.3
2025-03-15 21:55:46.457,7.7,22.3
2025-03-15 21:55:46.558,7.0,22.3
2025-03-15 21:55:46.658,7.1,22.3
2025-03-15 21:55:46.759,24.9,22.3
2025-03-15 21:55:46.859,27.4,22.3
2025-03-15 21:55:46.960,11.4,22.3
2025-03-15 21:55:47.061,9.5,22.3
2025-03-15 21:55:47.161,6.4,22.3
2025-03-15 21:55:47.262,14.1,22.3
2025-03-15 21:55:47.362,26.7,22.3
2025-03-15 21:55:47.463,15.7,22.3
2025-03-15 21:55:47.564,7.7,22.3
2025-03-15 21:55:47.664,8.4,22.3
2025-03-15 21:55:47.765,7.7,22.3
2025-03-15 21:55:47.866,19.6,22.3
2025-03-15 21:55:47.966,14.3,22.3
2025-03-15 21:55:48.067,25.1,22.3
2025-03-15 21:55:48.168,23.5,22.3
2025-03-15 21:55:48.269,14.0,22.3
2025-03-15 21:55:48.369,6.4,22.3
2025-03-15 21:55:48.470,16.2,22.3
2025-03-15 21:55:48.571,26.4,22.3
2025-03-15 21:55:48.671,16.1,22.3
2025-03-15 21:55:48.772,7.7,22.3
2025-03-15 21:55:48.873,5.8,22.3
2025-03-15 21:55:48.974,16.1,22.3
2025-03-15 21:55:49.075,14.5,22.3
2025-03-15 21:55:49.175,27.0,22.3
2025-03-15 21:55:49.276,23.8,22.3
2025-03-15 21:55:49.376,9.6,22.3
2025-03-15 21:55:49.477,10.2,22.4
2025-03-15 21:55:49.578,10.3,22.4
2025-03-15 21:55:49.679,7.9,22.3
2025-03-15 21:55:49.779,17.4,22.3
2025-03-15 21:55:49.880,30.7,22.3
2025-03-15 21:55:49.980,30.1,22.3
2025-03-15 21:55:50.081,12.6,22.4
2025-03-15 21:55:50.182,6.4,22.3
2025-03-15 21:55:50.283,12.1,22.3
2025-03-15 21:55:50.384,16.8,22.3
2025-03-15 21:55:50.484,22.1,22.4
2025-03-15 21:55:50.585,23.5,22.4
2025-03-15 21:55:50.685,13.8,22.3
2025-03-15 21:55:50.786,7.1,22.3
2025-03-15 21:55:50.887,7.9,22.3
2025-03-15 21:55:50.987,16.3,22.3
2025-03-15 21:55:51.088,23.6,22.3
2025-03-15 21:55:51.188,29.9,22.3
2025-03-15 21:55:51.289,21.1,22.3
2025-03-15 21:55:51.389,5.0,22.3
2025-03-15 21:55:51.490,5.8,22.3
2025-03-15 21:55:51.590,17.5,22.3
2025-03-15 21:55:51.691,22.8,22.3
2025-03-15 21:55:51.792,8.3,22.3
2025-03-15 21:55:51.893,5.0,22.3
2025-03-15 21:55:51.994,8.4,22.3
2025-03-15 21:55:52.095,7.7,22.3
2025-03-15 21:55:52.195,21.4,22.3
2025-03-15 21:55:52.296,28.4,22.3
2025-03-15 21:55:52.398,19.9,22.3
2025-03-15 21:55:52.499,7.6,22.3
2025-03-15 21:55:52.599,7.7,22.3
2025-03-15 21:55:52.700,9.2,22.3
2025-03-15 21:55:52.801,22.5,22.3
2025-03-15 21:55:52.901,30.3,22.3
2025-03-15 21:55:53.002,14.6,22.3
2025-03-15 21:55:53.103,7.7,22.3
2025-03-15 21:55:53.204,5.8,22.3
2025-03-15 21:55:53.305,20.7,22.3
2025-03-15 21:55:53.405,28.8,22.3
2025-03-15 21:55:53.506,18.8,22.3
2025-03-15 21:55:53.606,9.0,22.3
2025-03-15 21:55:53.707,8.5,22.3
2025-03-15 21:55:53.808,5.8,22.3
2025-03-15 21:55:53.908,14.8,22.3
2025-03-15 21:55:54.008,27.0,22.3
2025-03-15 21:55:54.109,21.2,22.3
2025-03-15 21:55:54.210,11.4,22.3
2025-03-15 21:55:54.311,5.1,22.3
2025-03-15 21:55:54.411,16.0,22.3
2025-03-15 21:55:54.512,30.9,22.3
2025-03-15 21:55:54.613,26.8,22.3
2025-03-15 21:55:54.714,22.5,22.3
2025-03-15 21:55:54.814,4.4,22.3
2025-03-15 21:55:54.915,5.8,22.3
2025-03-15 21:55:55.016,14.9,22.3
2025-03-15 21:55:55.116,23.5,22.3
2025-03-15 21:55:55.217,24.4,22.3
